step,sps,policy_loss,value_loss,mi_loss,div_loss,kl_loss,score,mean_return,ego_enc_delta,partner_enc_delta,road_enc_delta,role_std,role_norm,compliance_error
3001024512,216394292.1,0.001742,0.022607,0.00056,-0.566406,0.0,0.988,1.0358,0.001047,0.00096,0.001529,2.284472,4.117787,0.00028515
3001810944,124449160.7,-0.00174,0.099796,0.000656,-0.523438,0.0,0.9827,1.0107,0.002044,0.001642,0.002727,2.282556,4.319707,0.00047225
3002597376,87609522.3,0.002766,0.070549,0.000778,-0.5,0.0,0.9808,1.0014,0.001699,0.001445,0.002456,2.285273,4.386532,0.00049116
3003383808,56315528.5,0.001926,0.075406,0.000855,-0.507812,0.0,0.9815,1.0018,0.001259,0.001188,0.002195,2.266584,4.331618,0.00043411
3004170240,47227426.3,0.000453,0.068586,0.000864,-0.5,0.0,0.9805,0.9961,0.001511,0.00118,0.001678,2.242603,4.319757,0.00048898
3004956672,40685137.5,0.003833,0.058454,0.00095,-0.492188,0.0,0.9804,0.9954,0.001356,0.001453,0.002024,2.284758,4.535688,0.00047766
3005743104,35373458.4,0.000782,0.063134,0.000989,-0.490234,0.0,0.9802,0.9945,0.001079,0.001313,0.001527,2.239864,4.368107,0.00048028
3006529536,27724684.7,-0.001907,0.059566,0.001028,-0.492188,0.0,0.9802,0.9958,0.001167,0.000986,0.001376,2.194411,4.531939,0.0004597
3007315968,25192900.9,-0.000411,0.043467,0.000909,-0.490234,0.0,0.9799,0.9959,0.001026,0.000738,0.001211,2.205212,4.388347,0.00045859
3008102400,23113166.2,-0.002104,0.050878,0.00095,-0.490234,0.0,0.9798,0.9965,0.000972,0.000902,0.00145,2.202398,4.412107,0.00051194
3008888832,20040009.1,-0.000938,0.05726,0.000979,-0.492188,0.0,0.9802,0.9981,0.000955,0.001053,0.001383,1.963176,4.30718,0.00047766
3009675264,18752538.0,0.001089,0.037148,0.000935,-0.488281,0.0,0.9799,0.998,0.000868,0.00103,0.001599,2.033807,4.352614,0.000439
3010461696,17605524.2,-0.007333,0.047622,0.000872,-0.488281,0.0,0.9798,0.9982,0.000948,0.000931,0.001301,2.101354,4.277018,0.00043034
3011248128,16552472.7,0.002479,0.039356,0.000875,-0.488281,0.0,0.9799,0.9987,0.001144,0.000949,0.001201,2.069514,4.257689,0.00046459
3012034560,14864432.0,-0.005588,0.044814,0.000952,-0.507812,0.0,0.9798,0.9991,0.000927,0.000875,0.001226,2.274781,4.31435,0.00052896
3012820992,14139784.0,-0.009127,0.031983,0.000962,-0.492188,0.0,0.9802,1.0008,0.001021,0.000892,0.001218,2.230549,4.299343,0.00043534
3013607424,13486185.6,-0.006653,0.042766,0.000988,-0.492188,0.0,0.9802,1.0011,0.000991,0.001015,0.00144,2.206577,4.443351,0.00050278
3014393856,12457392.6,0.000644,0.045498,0.000915,-0.511719,0.0,0.9802,1.0017,0.000939,0.000815,0.001291,2.379433,4.733132,0.0004576
3015180288,11918203.5,0.002905,0.042191,0.000883,-0.507812,0.0,0.9803,1.0023,0.001218,0.00082,0.001874,2.316729,4.582328,0.00045979
3015966720,11453445.6,-0.006685,0.048288,0.000889,-0.503906,0.0,0.9802,1.0026,0.000806,0.000964,0.001489,2.327763,4.481632,0.00052366
3016753152,11030813.2,-0.001791,0.049025,0.000835,-0.515625,0.0,0.98,1.0025,0.001103,0.000817,0.001548,2.294678,4.522373,0.00054673
3017539584,10292928.3,-0.00034,0.057766,0.000832,-0.503906,0.0,0.98,1.0025,0.000867,0.000871,0.001347,2.026053,4.339526,0.00049984
3018326016,9942289.0,-0.005873,0.035766,0.000779,-0.488281,0.0,0.9796,1.0012,0.000967,0.001025,0.00139,1.965737,4.164731,0.00044663
3019112448,9623973.8,-0.000452,0.036421,0.000781,-0.486328,0.0,0.9792,1.0006,0.000834,0.000809,0.001279,1.995391,4.174134,0.00051961
3019898880,9088327.3,7.7e-05,0.044643,0.000825,-0.507812,0.0,0.9794,1.0018,0.000659,0.000738,0.001325,2.188996,4.354506,0.00050756
3020685312,8812827.5,0.000285,0.036034,0.000793,-0.511719,0.0,0.9795,1.0033,0.000833,0.000707,0.001258,2.351964,4.318125,0.00048881
3021471744,8566443.1,-0.004466,0.041084,0.000798,-0.519531,0.0,0.9795,1.0043,0.000834,0.000758,0.001297,2.322446,4.22787,0.00048758
3022258176,8318596.4,-0.000184,0.033942,0.000817,-0.515625,0.0,0.9796,1.0063,0.000824,0.000858,0.001223,2.33091,4.429925,0.00048616
3023044608,7925394.5,0.007638,0.051614,0.000826,-0.519531,0.0,0.9796,1.0069,0.000797,0.000864,0.001234,2.265186,4.430391,0.00050509
3023831040,7707107.8,-0.004426,0.029757,0.000832,-0.511719,0.0,0.9798,1.0082,0.000827,0.000724,0.001194,2.209481,4.382264,0.00048088
3024617472,7504758.4,0.003368,0.029231,0.000816,-0.507812,0.0,0.9799,1.009,0.000699,0.00079,0.001206,2.246927,4.2998,0.00048405
3025403904,7154400.3,0.000986,0.037665,0.000808,-0.519531,0.0,0.9802,1.0105,0.00069,0.000747,0.001154,2.871538,3.753349,0.00048354
3026190336,6988332.9,0.001752,0.034966,0.000765,-0.542969,0.0,0.9803,1.0108,0.000932,0.000938,0.001471,2.339804,4.496784,0.00045858
3026976768,6825825.3,-0.004918,0.045259,0.00083,-0.53125,0.0,0.9802,1.0107,0.000992,0.001469,0.001544,2.296447,4.396652,0.00051228
3027763200,6662711.8,0.000193,0.038551,0.000841,-0.539062,0.0,0.9801,1.0106,0.000871,0.001247,0.001696,2.289806,4.361824,0.00050449
3028549632,6392468.8,-0.006162,0.05073,0.000897,-0.542969,0.0,0.9803,1.0111,0.000854,0.001185,0.001461,2.34876,4.252473,0.00049967
3029336064,6253139.6,0.007391,0.049543,0.000934,-0.519531,0.0,0.98,1.0108,0.000838,0.000966,0.001424,2.252768,4.231821,0.00054569
3030122496,6118989.4,-0.004865,0.036662,0.000876,-0.519531,0.0,0.98,1.0106,0.000823,0.000932,0.001336,2.154184,4.391437,0.00053383
3030908928,5993209.2,-0.006816,0.040117,0.000871,-0.53125,0.0,0.9797,1.0102,0.000791,0.001015,0.001232,2.221145,4.318517,0.00047653
3031695360,5760464.8,-0.000198,0.040604,0.000838,-0.539062,0.0,0.9798,1.0108,0.001021,0.000926,0.001547,2.296959,4.399159,0.00049407
3032481792,5649212.0,-0.001109,0.036108,0.000854,-0.527344,0.0,0.9798,1.011,0.000934,0.000809,0.001369,2.279124,4.250168,0.00049739
3033268224,5542475.4,0.001009,0.031331,0.000846,-0.523438,0.0,0.98,1.0112,0.00075,0.000788,0.001433,2.286113,4.182216,0.00048702
3034054656,5341857.0,0.00283,0.037334,0.000879,-0.542969,0.0,0.9802,1.0122,0.000656,0.000785,0.001141,2.25309,4.338943,0.00047758
3034841088,5241629.9,-0.000866,0.052983,0.000841,-0.53125,0.0,0.9803,1.0123,0.001078,0.000928,0.001241,2.161907,4.359064,0.00054715
3035627520,5144374.0,-0.009906,0.033954,0.000882,-0.527344,0.0,0.9805,1.0134,0.001068,0.000803,0.001367,2.236883,4.41526,0.00050537
3036413952,5052780.8,0.001333,0.04665,0.000895,-0.539062,0.0,0.9805,1.0137,0.00104,0.000863,0.00139,2.303889,4.271871,0.00050792
3037200384,4886090.3,-0.003024,0.038858,0.000913,-0.558594,0.0,0.9808,1.0147,0.000816,0.000768,0.001094,2.527291,4.455596,0.00045607
3037986816,4806095.0,-0.009521,0.03117,0.000888,-0.558594,0.0,0.981,1.0152,0.00081,0.000985,0.001205,2.555384,4.547584,0.00049609
3038773248,4725069.0,0.001366,0.037853,0.000877,-0.554688,0.0,0.9811,1.0156,0.000849,0.000745,0.001309,2.446327,4.585619,0.00047844
3039559680,4579430.7,0.00304,0.042091,0.000878,-0.558594,0.0,0.9811,1.0157,0.000704,0.000671,0.001334,2.453999,4.509109,0.00051335
3040346112,4510527.2,0.002765,0.041662,0.000854,-0.5625,0.0,0.9811,1.0151,0.001049,0.000923,0.00201,2.386568,4.519174,0.00045134
3041132544,4439033.4,0.001606,0.038833,0.000863,-0.554688,0.0,0.981,1.0147,0.001165,0.000795,0.001551,2.452567,4.50458,0.0004981
3041918976,4372587.8,-0.003768,0.034271,0.000846,-0.554688,0.0,0.9809,1.014,0.000797,0.001007,0.001261,2.47508,4.393826,0.00048467
3042705408,4252664.6,0.00142,0.054469,0.000838,-0.554688,0.0,0.981,1.0138,0.001066,0.001017,0.001487,2.332708,4.250868,0.00057298
3043491840,4191252.0,-0.00129,0.037047,0.000823,-0.546875,0.0,0.9809,1.0137,0.000839,0.001055,0.001567,2.309793,4.327301,0.00046078
3044278272,4134585.5,-0.006369,0.032214,0.000834,-0.542969,0.0,0.9809,1.0141,0.000694,0.000961,0.001554,2.29796,4.319672,0.00048792
3045064704,4030669.5,0.003055,0.040884,0.00089,-0.554688,0.0,0.9809,1.0149,0.000714,0.00082,0.001439,2.241206,4.343575,0.00052527
3045851136,3976756.9,-0.005457,0.032827,0.000873,-0.53125,0.0,0.9812,1.0158,0.00081,0.00099,0.001454,2.316917,4.29726,0.0005344
3046637568,3924337.4,0.000172,0.030181,0.000891,-0.53125,0.0,0.9811,1.0162,0.000743,0.000892,0.001362,2.41404,4.159791,0.00051992
3047424000,3875350.3,-0.005016,0.024616,0.000881,-0.539062,0.0,0.9813,1.017,0.000754,0.000866,0.001323,2.384339,4.377014,0.00052889
3048210432,3779692.1,0.002141,0.034917,0.000894,-0.554688,0.0,0.9814,1.0174,0.000673,0.00081,0.001077,2.209856,4.228311,0.00049011
3048996864,3729044.9,-0.001344,0.028969,0.000958,-0.542969,0.0,0.9812,1.0175,0.000818,0.000857,0.001399,2.325406,4.216487,0.00051267
3049783296,3683662.0,0.001505,0.072105,0.000828,-0.550781,0.0,0.9814,1.0177,0.001654,0.000896,0.001221,2.279691,4.277191,0.00057968
3050569728,3591288.2,0.005216,0.044438,0.000957,-0.554688,0.0,0.9816,1.0178,0.000888,0.001054,0.001217,2.685527,3.442196,0.00045534
3051356160,3547676.9,-0.006436,0.034474,0.000848,-0.550781,0.0,0.9814,1.0174,0.000965,0.000776,0.001497,2.35538,4.327404,0.00052081
3052142592,3507211.2,-0.004757,0.036475,0.000819,-0.550781,0.0,0.9812,1.0168,0.000918,0.000854,0.00146,2.291183,4.220459,0.0005995
3052929024,3465898.3,-0.002222,0.032416,0.000863,-0.542969,0.0,0.9813,1.0172,0.000921,0.000824,0.001561,2.227757,4.106678,0.00050389
3053715456,3380541.2,-0.003096,0.034135,0.000807,-0.5625,0.0,0.9814,1.0172,0.000822,0.000868,0.00113,2.334718,4.129021,0.00049952
3054501888,3344024.2,-0.000321,0.048284,0.000745,-0.558594,0.0,0.9814,1.0168,0.000765,0.000771,0.001547,2.392993,4.138549,0.000536
3055288320,3308395.8,-0.000519,0.038244,0.00077,-0.546875,0.0,0.9811,1.0158,0.000793,0.000847,0.001558,2.25718,4.28201,0.00046144
3056074752,3270177.9,-0.005144,0.030577,0.000783,-0.558594,0.0,0.9811,1.0156,0.000642,0.000831,0.001208,2.341497,4.289303,0.00047581
3056861184,3197944.1,0.00185,0.034231,0.000779,-0.5625,0.0,0.981,1.0154,0.000703,0.000892,0.001206,2.38757,4.307136,0.0004592
3057647616,3164319.0,0.008711,0.030833,0.000765,-0.550781,0.0,0.981,1.0156,0.000686,0.000866,0.00127,2.24334,4.405292,0.00046895
3058434048,3132187.1,-0.001206,0.024721,0.000781,-0.550781,0.0,0.9811,1.0165,0.00058,0.000827,0.001037,2.264508,4.305479,0.00050819
3059220480,3063142.5,-0.006093,0.036599,0.000816,-0.566406,0.0,0.9814,1.0173,0.000745,0.000771,0.001042,2.470077,4.52326,0.00050619
3060006912,3033348.3,-0.001924,0.032666,0.000817,-0.566406,0.0,0.9815,1.018,0.000806,0.000842,0.001246,2.546669,4.428607,0.00054231
3060793344,3003110.0,-0.008177,0.020513,0.000808,-0.558594,0.0,0.9816,1.0182,0.000687,0.000687,0.001173,2.58245,4.480361,0.00049152
3061579776,2972984.1,-0.005347,0.019561,0.000825,-0.558594,0.0,0.9819,1.0189,0.000664,0.000691,0.00113,2.404646,4.42006,0.00047084
3062366208,2917457.8,-0.001905,0.039449,0.000827,-0.558594,0.0,0.982,1.0192,0.000667,0.000688,0.000941,2.378209,4.210989,0.000536
3063152640,2889684.0,-0.005182,0.024311,0.000829,-0.535156,0.0,0.9817,1.0185,0.000641,0.000688,0.00114,2.440347,4.223889,0.0004719
3063939072,2863443.2,-0.001477,0.027322,0.00083,-0.535156,0.0,0.9819,1.0188,0.00073,0.000743,0.001049,2.20275,4.364086,0.00049613
3064725504,2812812.0,-0.00057,0.034972,0.000811,-0.554688,0.0,0.9818,1.0187,0.000735,0.000682,0.001006,2.512828,4.460956,0.00044714
3065511936,2786847.5,-0.00336,0.021894,0.000849,-0.5625,0.0,0.9819,1.019,0.000594,0.000862,0.001197,2.389183,4.431135,0.00046493
3066298368,2762116.8,-0.004654,0.0261,0.000875,-0.5625,0.0,0.9822,1.0197,0.000711,0.000897,0.001199,2.406921,4.354355,0.00051051
3067084800,2735500.4,0.002605,0.029555,0.000845,-0.5625,0.0,0.9823,1.02,0.00085,0.000833,0.001185,2.404496,4.296638,0.00051429
3067871232,2687466.9,0.003277,0.05258,0.000881,-0.570312,0.0,0.9823,1.02,0.000866,0.000757,0.001049,2.43281,4.453181,0.00056747
3068657664,2662747.4,0.000353,0.041611,0.000829,-0.570312,0.0,0.982,1.0192,0.000737,0.000776,0.001176,2.498815,4.391784,0.00053871
3069444096,2639628.7,-0.003995,0.041503,0.00087,-0.566406,0.0,0.9822,1.0194,0.00139,0.000867,0.001329,2.513227,4.50175,0.00052024
3070230528,2596833.4,-0.004597,0.032715,0.000862,-0.582031,0.0,0.9823,1.0195,0.000632,0.000567,0.001107,2.366475,4.367427,0.00051668
3071016960,2573497.2,-0.003275,0.02524,0.000872,-0.5625,0.0,0.9827,1.0204,0.000596,0.000792,0.00132,2.404932,4.214897,0.00056906
3071803392,2552759.2,0.00603,0.029266,0.000849,-0.5625,0.0,0.9829,1.0206,0.000695,0.000725,0.001116,2.539576,4.257975,0.00053421
3072589824,2532367.8,-0.002974,0.025557,0.000893,-0.558594,0.0,0.9832,1.0217,0.000647,0.000824,0.001098,2.417266,4.220314,0.00053087
3073376256,2490920.4,-0.00764,0.037753,0.000866,-0.566406,0.0,0.9834,1.0225,0.000777,0.000882,0.001295,2.361143,4.449216,0.0005576
3074162688,2471211.9,0.000479,0.037059,0.000848,-0.554688,0.0,0.9834,1.0226,0.000799,0.000814,0.00107,2.397979,4.414635,0.00048819
3074949120,2450727.6,-0.001087,0.034864,0.000815,-0.5625,0.0,0.9834,1.0225,0.000822,0.000865,0.001253,2.43682,4.345626,0.00049155
3075735552,2408875.3,0.0014,0.038619,0.000809,-0.578125,0.0,0.9832,1.0218,0.000678,0.00088,0.001159,2.989667,3.666398,0.00048244
3076521984,2389637.8,-0.001489,0.034559,0.000803,-0.578125,0.0,0.9834,1.0218,0.000717,0.000868,0.001262,2.530176,4.461989,0.00051654
3077308416,2370759.5,-0.006236,0.029602,0.00084,-0.578125,0.0,0.9834,1.0217,0.000574,0.000809,0.001147,2.561854,4.467294,0.00046322
3078094848,2351499.6,-0.003529,0.029121,0.000831,-0.578125,0.0,0.9833,1.0216,0.000699,0.000758,0.001276,2.446249,4.408072,0.00049117
3078881280,2317049.1,-0.005028,0.035809,0.000842,-0.582031,0.0,0.9834,1.0218,0.000755,0.000768,0.001214,2.481842,4.292209,0.00052042
3079667712,2298765.5,-0.004485,0.024705,0.000837,-0.566406,0.0,0.9834,1.022,0.0008,0.000748,0.001333,2.540563,4.344136,0.00049964
3080454144,2280616.4,0.008921,0.034917,0.000854,-0.558594,0.0,0.9836,1.0226,0.000583,0.000782,0.00124,2.582497,4.294147,0.00049292
3081240576,2263595.0,-0.004627,0.026606,0.00083,-0.5625,0.0,0.9839,1.0234,0.000676,0.000771,0.001203,2.387662,4.451716,0.00053476
3082027008,2231807.1,0.000689,0.042202,0.000871,-0.578125,0.0,0.984,1.0233,0.000556,0.000649,0.001122,2.681415,4.687443,0.00054476
3082813440,2216047.4,0.002551,0.031754,0.000858,-0.570312,0.0,0.984,1.0233,0.000755,0.00078,0.001196,2.552676,4.611488,0.00054283
3083599872,2199327.5,-0.002083,0.031488,0.000901,-0.570312,0.0,0.984,1.0232,0.000746,0.000753,0.001106,2.637048,4.650856,0.00054216
3084386304,2168482.6,0.001413,0.036396,0.000886,-0.574219,0.0,0.9842,1.0235,0.000817,0.000674,0.001089,2.52967,4.162074,0.00058944
3085172736,2153178.0,-0.008495,0.020747,0.000812,-0.558594,0.0,0.9841,1.0233,0.000721,0.000633,0.001259,2.272549,4.276315,0.00054392
3085959168,2138603.9,-0.000413,0.02521,0.000816,-0.554688,0.0,0.9842,1.0242,0.000739,0.000591,0.001034,2.41845,4.399114,0.00056784
3086745600,2123834.9,0.000746,0.024547,0.000827,-0.5625,0.0,0.9843,1.025,0.000655,0.000664,0.001054,2.359142,4.372996,0.00049931
3087532032,2098569.4,-0.00564,0.031475,0.00083,-0.578125,0.0,0.9846,1.026,0.00057,0.000634,0.001086,2.419266,4.231641,0.00047469
3088318464,2084938.6,-0.002815,0.029835,0.000809,-0.5625,0.0,0.9846,1.0262,0.000591,0.000713,0.001214,2.500793,4.241938,0.00047645
3089104896,2071112.8,-0.007302,0.025926,0.000802,-0.5625,0.0,0.9845,1.0266,0.000608,0.000719,0.00099,2.406066,4.32859,0.00049541
3089891328,2045757.3,0.005521,0.04667,0.000791,-0.582031,0.0,0.9844,1.0266,0.000707,0.000772,0.00107,2.565467,4.494226,0.00054861
3090677760,2032725.3,0.006297,0.035438,0.000804,-0.578125,0.0,0.9843,1.0265,0.000828,0.00082,0.00115,2.567874,4.476823,0.00052474
3091464192,2018603.4,-0.009969,0.03019,0.000825,-0.582031,0.0,0.9842,1.0262,0.000677,0.000717,0.001361,2.639715,4.378746,0.00049572
3092250624,2004784.0,0.002492,0.039594,0.000835,-0.578125,0.0,0.9843,1.0264,0.000633,0.000826,0.001298,2.58687,4.361773,0.00052513
3093037056,1979724.1,-0.001749,0.044283,0.00088,-0.570312,0.0,0.9845,1.0268,0.001287,0.000794,0.001509,2.323452,4.37354,0.00058037
3093823488,1967383.4,0.001732,0.03695,0.000929,-0.566406,0.0,0.9845,1.0266,0.00148,0.000891,0.001664,2.378236,4.222425,0.00056094
3094609920,1955181.2,-0.001417,0.030939,0.000957,-0.558594,0.0,0.9846,1.0269,0.001122,0.000929,0.001469,2.289618,4.182496,0.0005439
3095396352,1882382.0,-0.000119,0.040386,0.000931,-0.570312,0.0,0.9846,1.0267,0.000712,0.000743,0.001184,2.330148,4.4824,0.00050205
3096182784,1871232.3,0.000978,0.02809,0.000831,-0.558594,0.0,0.9847,1.0271,0.000789,0.000756,0.001079,2.395318,4.29027,0.0005333
3096969216,1859544.9,0.002855,0.021858,0.00083,-0.554688,0.0,0.9846,1.027,0.000676,0.000576,0.000955,2.376593,4.161178,0.00049155
3097755648,1847318.5,-0.000596,0.03027,0.000821,-0.566406,0.0,0.9846,1.027,0.000772,0.000677,0.000972,2.293244,4.314531,0.00049859
3098542080,1781548.4,-0.000467,0.03234,0.000848,-0.582031,0.0,0.9847,1.0267,0.0006,0.000678,0.000952,2.462281,4.414674,0.00048739
3099328512,1771241.0,0.000349,0.029028,0.000855,-0.570312,0.0,0.9846,1.0263,0.00062,0.000646,0.001052,2.483088,4.329031,0.00051549
3100114944,1759742.5,-0.003159,0.023488,0.000864,-0.574219,0.0,0.9847,1.0266,0.000661,0.00065,0.001031,2.479272,4.382209,0.00049831
3100901376,1706990.0,-0.001605,0.034744,0.00088,-0.589844,0.0,0.9849,1.0269,0.000606,0.000735,0.001041,2.819026,3.603352,0.00049172
3101687808,1697763.9,0.000616,0.031817,0.000805,-0.585938,0.0,0.9848,1.0266,0.000987,0.000852,0.001175,2.3824,4.334442,0.00055837
3102474240,1688724.0,0.003934,0.030763,0.000831,-0.582031,0.0,0.9845,1.0259,0.000682,0.000866,0.001229,2.457977,4.330659,0.0005359
3103260672,1679734.3,0.003901,0.034931,0.000837,-0.582031,0.0,0.9844,1.0253,0.000677,0.000736,0.001409,2.478404,4.369154,0.00056744
3104047104,1622703.2,0.003877,0.040269,0.000822,-0.585938,0.0,0.9845,1.0252,0.000659,0.000733,0.00111,2.559946,4.417867,0.00048278
3104833536,1614409.2,-0.000739,0.02974,0.00078,-0.585938,0.0,0.9845,1.0253,0.000955,0.000712,0.001115,2.692641,4.345424,0.00054289
3105619968,1605670.3,-0.002949,0.031661,0.000817,-0.578125,0.0,0.9844,1.0252,0.000661,0.000801,0.00116,2.634079,4.34336,0.0004619
3106406400,1597551.0,0.002421,0.030912,0.000826,-0.582031,0.0,0.9843,1.0251,0.000647,0.000756,0.001104,2.542129,4.463175,0.00048775
3107192832,1566945.5,0.002998,0.048417,0.000832,-0.589844,0.0,0.9843,1.0247,0.000627,0.000892,0.001086,2.527883,4.477621,0.00052575
3107979264,1559597.9,0.003222,0.029437,0.000839,-0.574219,0.0,0.9843,1.0245,0.000701,0.000748,0.001134,2.542283,4.318943,0.00050815
3108765696,1552315.4,-0.000234,0.027364,0.00085,-0.570312,0.0,0.9843,1.0245,0.000644,0.000764,0.001146,2.598021,4.437974,0.0005588
3109552128,1536316.6,-4.1e-05,0.035821,0.000896,-0.585938,0.0,0.9844,1.0253,0.000679,0.000719,0.000954,2.616715,4.172374,0.00052969
3110338560,1529156.9,-0.004459,0.02575,0.000856,-0.574219,0.0,0.9845,1.0255,0.000503,0.000779,0.001068,2.427257,4.335241,0.00049776
3111124992,1522093.2,0.002754,0.026338,0.000867,-0.578125,0.0,0.9845,1.0261,0.00077,0.000733,0.001028,2.56037,4.452415,0.00053418
3111911424,1514891.2,-0.001902,0.029982,0.000853,-0.574219,0.0,0.9844,1.0264,0.000694,0.000631,0.001075,2.580663,4.379601,0.000526
3112697856,1501128.6,-0.004286,0.027368,0.000814,-0.582031,0.0,0.9844,1.0266,0.000582,0.000614,0.001219,2.461846,4.220914,0.00052767
3113484288,1494345.0,0.002308,0.025378,0.000792,-0.566406,0.0,0.9845,1.0266,0.000526,0.000608,0.001183,2.529852,4.202991,0.00056892
3114270720,1487630.6,-0.005988,0.022824,0.0008,-0.558594,0.0,0.9846,1.0265,0.000689,0.000623,0.001367,2.409239,4.196922,0.00052325
3115057152,1473194.5,-0.004473,0.03906,0.000834,-0.578125,0.0,0.9846,1.0264,0.000818,0.000577,0.001156,2.436167,4.27309,0.00050221
3115843584,1466194.2,-0.00122,0.030453,0.000887,-0.582031,0.0,0.9844,1.0256,0.000836,0.000706,0.001334,2.441265,4.418869,0.00052422
3116630016,1459176.0,-0.005507,0.032452,0.000883,-0.578125,0.0,0.9843,1.0248,0.000702,0.000742,0.001142,2.591574,4.265257,0.0005621
3117416448,1452729.2,-0.000717,0.036786,0.000878,-0.570312,0.0,0.9841,1.0241,0.000806,0.000916,0.001401,2.443023,4.397067,0.00058755
3118202880,1437404.1,0.005484,0.037289,0.000848,-0.585938,0.0,0.9838,1.0233,0.000665,0.000692,0.001187,2.352556,4.303341,0.00053511
3118989312,1430952.9,-0.004186,0.029858,0.000834,-0.582031,0.0,0.9835,1.0226,0.000606,0.00064,0.00109,2.490222,4.338592,0.00051214
3119775744,1424689.3,0.004841,0.030154,0.000845,-0.582031,0.0,0.9835,1.0225,0.000759,0.000773,0.001127,2.427501,4.251985,0.00050902
3120562176,1412049.0,-0.000755,0.040643,0.000846,-0.59375,0.0,0.9834,1.0223,0.000704,0.000656,0.001043,2.490054,4.520472,0.00055449
3121348608,1405849.7,0.000561,0.021602,0.000916,-0.574219,0.0,0.9838,1.0233,0.000681,0.000596,0.000995,2.501958,4.303366,0.00052136
3122135040,1399834.4,-0.005192,0.021659,0.000992,-0.574219,0.0,0.9838,1.0229,0.00069,0.000683,0.000944,2.519364,4.261144,0.00051328
3122921472,1394002.6,-0.000616,0.024549,0.000983,-0.570312,0.0,0.9839,1.0228,0.000601,0.000563,0.000897,2.391609,4.317774,0.00056149
3123707904,1380864.4,-0.002717,0.035477,0.000862,-0.578125,0.0,0.9839,1.0225,0.000626,0.00074,0.000956,2.406892,4.198006,0.00054207
3124494336,1374777.4,-0.006138,0.031834,0.000866,-0.574219,0.0,0.9839,1.0226,0.000666,0.000809,0.001164,2.373236,4.135361,0.00050015
3125280768,1368466.8,-0.003454,0.030406,0.000864,-0.570312,0.0,0.9841,1.0232,0.000679,0.000694,0.001062,2.384756,4.201668,0.00053217
3126067200,1355475.1,0.003347,0.03763,0.000899,-0.582031,0.0,0.9842,1.0231,0.000498,0.00064,0.000891,2.865259,3.863945,0.00048342
3126853632,1349809.0,-0.000441,0.029107,0.000907,-0.570312,0.0,0.9842,1.0231,0.00069,0.00079,0.000985,2.42911,4.443592,0.00058346
3127640064,1344379.4,-0.004078,0.024739,0.000905,-0.570312,0.0,0.9842,1.0233,0.000706,0.000717,0.001174,2.363588,4.473871,0.00051297
3128426496,1338855.5,0.002314,0.029907,0.000901,-0.566406,0.0,0.9842,1.0235,0.000667,0.000794,0.001118,2.503753,4.464655,0.00061496
3129212928,1327465.1,0.000907,0.037504,0.000926,-0.570312,0.0,0.9843,1.0237,0.000599,0.000642,0.000947,2.254681,4.131171,0.00056485
3129999360,1322104.4,-0.006457,0.025829,0.000901,-0.550781,0.0,0.9842,1.0235,0.000726,0.00066,0.001004,2.261257,4.156523,0.00059663
3130785792,1316850.6,0.002458,0.026502,0.000871,-0.554688,0.0,0.9842,1.0237,0.000607,0.000616,0.001034,2.327791,4.063697,0.00053992
3131572224,1311631.4,0.002764,0.022107,0.000851,-0.5625,0.0,0.9842,1.024,0.000691,0.000653,0.00098,2.264469,4.271941,0.00052926
3132358656,1299413.9,0.000735,0.041269,0.000808,-0.59375,0.0,0.984,1.0236,0.000847,0.000698,0.001278,2.458927,4.351165,0.00044327
3133145088,1294230.6,-0.00498,0.03218,0.000811,-0.589844,0.0,0.9838,1.0231,0.000869,0.000639,0.001276,2.586825,4.364528,0.00053616
3133931520,1289041.1,0.001325,0.04202,0.000802,-0.582031,0.0,0.9837,1.0227,0.000693,0.000723,0.001208,2.488459,4.230437,0.00049821
3134717952,1277861.2,-0.001056,0.045242,0.000839,-0.589844,0.0,0.9838,1.0229,0.000521,0.000622,0.001131,2.547337,4.127686,0.00052331
3135504384,1272949.0,0.002231,0.034575,0.000812,-0.578125,0.0,0.9837,1.023,0.00111,0.000684,0.001922,2.446939,4.434236,0.00053646
3136290816,1267914.8,0.001771,0.031923,0.000805,-0.578125,0.0,0.9839,1.0233,0.000702,0.000778,0.00126,2.511773,4.560277,0.00047867
3137077248,1263143.4,-0.000587,0.035022,0.000822,-0.578125,0.0,0.9841,1.0236,0.000754,0.000738,0.001238,2.457135,4.425808,0.00052314
3137863680,1252987.8,0.003067,0.043365,0.000895,-0.582031,0.0,0.9845,1.0246,0.000753,0.000661,0.000978,2.538956,4.284869,0.00053826
3138650112,1248374.9,0.002718,0.028825,0.000884,-0.574219,0.0,0.9846,1.0255,0.000745,0.000684,0.001073,2.540512,4.245253,0.00058197
3139436544,1243775.6,-0.001582,0.024539,0.000901,-0.570312,0.0,0.9847,1.0257,0.000649,0.000657,0.001013,2.51399,4.322539,0.00054503
3140222976,1234541.4,0.002137,0.037192,0.000905,-0.578125,0.0,0.9848,1.0261,0.000517,0.000645,0.000897,2.40863,4.324352,0.00056071
3141009408,1230057.7,0.003711,0.032669,0.000907,-0.570312,0.0,0.9849,1.0266,0.000557,0.000702,0.001075,2.440739,4.40093,0.00050453
3141795840,1225539.3,-0.00045,0.027635,0.000907,-0.570312,0.0,0.985,1.0269,0.000621,0.000849,0.001033,2.430319,4.471811,0.00056786
3142582272,1221075.1,0.001279,0.037791,0.000891,-0.570312,0.0,0.9851,1.0265,0.000595,0.000796,0.001019,2.473688,4.381567,0.00055152
3143368704,1211153.5,-0.001598,0.040931,0.000966,-0.570312,0.0,0.9852,1.0263,0.00065,0.000621,0.00118,2.44526,4.169833,0.00057256
3144155136,1206818.3,-0.001991,0.030398,0.000994,-0.5625,0.0,0.9852,1.026,0.000838,0.000687,0.001347,2.368051,4.253755,0.00050601
3144941568,1202472.8,-0.0024,0.029721,0.000985,-0.566406,0.0,0.9852,1.0249,0.00079,0.000773,0.001275,2.266349,4.32307,0.00053519
3145728000,1193140.9,-0.002447,0.040944,0.000993,-0.574219,0.0,0.9853,1.0243,0.000507,0.000664,0.000972,2.303897,4.635556,0.00054746
3146514432,1188960.8,0.002959,0.023311,0.000902,-0.5625,0.0,0.9853,1.0239,0.000774,0.000741,0.001319,2.493852,4.390786,0.00049254
3147300864,1184796.8,-0.003536,0.02268,0.000918,-0.570312,0.0,0.9854,1.0241,0.000603,0.000753,0.001297,2.489103,4.370205,0.0004954
3148087296,1180671.4,5.4e-05,0.027353,0.000924,-0.5625,0.0,0.9855,1.0242,0.000626,0.000588,0.001212,2.456081,4.327407,0.00050588
3148873728,1172475.3,-0.004511,0.032793,0.000875,-0.582031,0.0,0.9855,1.024,0.000569,0.000676,0.001141,2.456915,4.360482,0.00049431
3149660160,1168481.0,-0.003146,0.021659,0.00085,-0.578125,0.0,0.9859,1.0252,0.000637,0.000655,0.001106,2.457467,4.34502,0.00052121
3150446592,1164517.2,-0.001773,0.024636,0.000838,-0.574219,0.0,0.9863,1.0263,0.000592,0.00067,0.001202,2.507675,4.360932,0.00051862
3151233024,1154703.6,0.003639,0.036842,0.000844,-0.582031,0.0,0.9866,1.0274,0.000485,0.000567,0.000876,2.653923,3.554853,0.0004803
3152019456,1150774.4,0.001517,0.022073,0.00085,-0.558594,0.0,0.9868,1.0281,0.000501,0.00065,0.000888,2.236519,4.223732,0.00059686
3152805888,1146800.0,-0.001042,0.028663,0.000875,-0.558594,0.0,0.9869,1.0282,0.000569,0.000621,0.000966,2.298249,4.13729,0.00053061
3153592320,1142892.4,0.002396,0.030956,0.000871,-0.5625,0.0,0.9866,1.0279,0.000588,0.000637,0.000922,2.36919,4.222548,0.00060665
3154378752,1135012.5,-0.005503,0.036975,0.000852,-0.574219,0.0,0.9868,1.0282,0.00057,0.000504,0.000756,2.447966,4.062329,0.00049332
3155165184,1131239.7,-0.001444,0.02192,0.000857,-0.566406,0.0,0.9867,1.0281,0.000513,0.000606,0.000949,2.458641,4.274659,0.00047879
3155951616,1127507.2,0.003227,0.02329,0.000825,-0.570312,0.0,0.9866,1.0281,0.0005,0.000489,0.000877,2.436064,4.260714,0.00054295
3156738048,1123792.3,-0.00464,0.020903,0.000833,-0.570312,0.0,0.9865,1.0282,0.000487,0.000554,0.000921,2.514498,4.282083,0.00053571
3157524480,1116329.2,-0.004656,0.035599,0.000847,-0.578125,0.0,0.9865,1.0283,0.000693,0.000742,0.001178,2.406929,4.336313,0.00046906
3158310912,1112688.4,0.001537,0.030223,0.000846,-0.566406,0.0,0.9864,1.0284,0.000601,0.000828,0.001143,2.363919,4.367163,0.00052136
3159097344,1109078.5,-0.000649,0.027685,0.000838,-0.574219,0.0,0.9862,1.0281,0.000599,0.000706,0.000968,2.351585,4.219438,0.00052584
3159883776,1102306.8,-0.00114,0.035653,0.000842,-0.59375,0.0,0.9863,1.0288,0.000491,0.000665,0.000841,2.657908,4.331599,0.00050374
3160670208,1098780.0,0.008261,0.026212,0.000799,-0.59375,0.0,0.9863,1.0296,0.000694,0.000597,0.000851,2.519663,4.464389,0.00045721
3161456640,1095266.6,0.00068,0.032087,0.000788,-0.582031,0.0,0.9864,1.0303,0.000708,0.000636,0.000942,2.600833,4.488355,0.0004945
3162243072,1091783.4,0.001341,0.023515,0.000777,-0.585938,0.0,0.9865,1.0315,0.00043,0.000553,0.000935,2.47842,4.495641,0.00056534
3163029504,1084285.1,0.001091,0.028663,0.00085,-0.597656,0.0,0.9866,1.0322,0.000404,0.000572,0.00089,2.502114,4.363373,0.00051044
3163815936,1080824.1,-0.002995,0.022516,0.000812,-0.582031,0.0,0.9865,1.0322,0.000549,0.000564,0.001061,2.429914,4.220688,0.00054352
3164602368,1077396.1,-0.003714,0.024478,0.000819,-0.582031,0.0,0.9864,1.0322,0.000476,0.000577,0.00094,2.524893,4.243441,0.00055629
3165388800,1070595.0,0.000578,0.035219,0.000826,-0.59375,0.0,0.9864,1.0321,0.000524,0.000552,0.000922,2.440524,4.174536,0.00055796
3166175232,1067237.6,0.00014,0.030018,0.000829,-0.574219,0.0,0.9864,1.0326,0.000621,0.00067,0.001173,2.510176,4.315517,0.00048055
3166961664,1063907.3,-0.002651,0.020427,0.000836,-0.574219,0.0,0.9864,1.0329,0.000497,0.000617,0.000901,2.431972,4.230669,0.00051926
3167748096,1060598.6,0.005092,0.027645,0.000836,-0.574219,0.0,0.9864,1.0333,0.000453,0.000652,0.000974,2.530067,4.335272,0.00048255
3168534528,1050934.7,0.000474,0.035887,0.000869,-0.582031,0.0,0.9864,1.0331,0.000521,0.000715,0.001088,2.477454,4.117834,0.00055923
3169320960,1047730.6,9.6e-05,0.027873,0.00085,-0.574219,0.0,0.9866,1.033,0.000772,0.000788,0.001223,2.410835,4.345937,0.00052003
3170107392,1044349.1,-0.002859,0.022399,0.000869,-0.574219,0.0,0.9866,1.0325,0.000559,0.000631,0.001038,2.407288,4.373721,0.00052099
3170893824,1037930.2,0.00167,0.034842,0.000872,-0.585938,0.0,0.9867,1.0322,0.000545,0.000512,0.000905,2.373634,4.678788,0.00053812
3171680256,1034804.3,0.003562,0.025637,0.000837,-0.582031,0.0,0.9867,1.0327,0.000571,0.000506,0.000762,2.544483,4.33029,0.00049306
3172466688,1031690.8,-0.000165,0.024418,0.000847,-0.582031,0.0,0.9868,1.033,0.000465,0.000557,0.000761,2.585084,4.339866,0.0005374
3173253120,1028595.4,0.000566,0.020178,0.000823,-0.574219,0.0,0.987,1.0335,0.000588,0.000464,0.000975,2.44878,4.374317,0.00044092
3174039552,1022515.8,0.00669,0.036176,0.000866,-0.589844,0.0,0.987,1.0334,0.000478,0.000611,0.000875,2.272382,4.246749,0.00056838
3174825984,1019510.0,-0.004619,0.026859,0.000873,-0.582031,0.0,0.9871,1.0333,0.000626,0.000743,0.000793,2.354267,4.165666,0.00052133
3175612416,1016439.7,-0.003315,0.026183,0.000857,-0.582031,0.0,0.9872,1.0332,0.000545,0.000773,0.001069,2.391442,4.141567,0.00048765
3176398848,1010418.7,-0.005754,0.027384,0.000868,-0.589844,0.0,0.9873,1.0334,0.000548,0.000545,0.000791,2.839894,3.896693,0.00047891
3177185280,1007507.0,-0.002078,0.024512,0.000852,-0.574219,0.0,0.9875,1.0336,0.000701,0.000602,0.001048,2.543714,4.373246,0.00056081
3177971712,1004559.0,0.001276,0.030113,0.000859,-0.585938,0.0,0.9873,1.0331,0.000754,0.000553,0.001346,2.59323,4.525858,0.00055785
3178758144,1001670.7,0.000563,0.031125,0.00088,-0.578125,0.0,0.9873,1.0329,0.000617,0.000476,0.001099,2.513499,4.412243,0.00057657
3179544576,994076.0,-0.001384,0.030354,0.00085,-0.589844,0.0,0.9872,1.0324,0.000578,0.000485,0.001148,2.485304,4.237572,0.00051083
3180331008,991177.1,-0.005325,0.016129,0.000827,-0.578125,0.0,0.9872,1.0327,0.000647,0.000592,0.000969,2.49777,4.263185,0.00048579
3181117440,988291.8,-0.005054,0.016859,0.000837,-0.570312,0.0,0.9874,1.0334,0.000569,0.000459,0.000905,2.459742,4.258083,0.00048146
3181903872,985407.2,0.001862,0.014417,0.000838,-0.574219,0.0,0.9875,1.0342,0.000536,0.000447,0.000799,2.423212,4.269034,0.00047614
3182690304,979764.2,-0.002148,0.029268,0.000836,-0.589844,0.0,0.9876,1.0343,0.000477,0.000608,0.000955,2.489647,4.32211,0.00049845
3183476736,976998.1,-0.003399,0.022337,0.000832,-0.582031,0.0,0.9876,1.0342,0.000494,0.000568,0.000993,2.402345,4.228124,0.00050723
3184263168,974232.9,0.005872,0.0231,0.000837,-0.582031,0.0,0.9876,1.0339,0.000482,0.000547,0.000816,2.498341,4.296049,0.00049113
3185049600,964886.1,-0.000609,0.032142,0.00084,-0.582031,0.0,0.9875,1.0336,0.000484,0.000459,0.000886,2.341425,4.142234,0.00051508
3185836032,962151.7,-0.000111,0.025479,0.000841,-0.558594,0.0,0.9874,1.034,0.000602,0.000432,0.000998,2.379817,4.290009,0.00057357
3186622464,959203.2,0.00178,0.023975,0.000848,-0.554688,0.0,0.9875,1.0348,0.000501,0.000553,0.001149,2.433702,4.266733,0.00053257
3187408896,956530.9,-0.002975,0.025712,0.000856,-0.5625,0.0,0.9875,1.0356,0.000622,0.000533,0.001107,2.402103,4.300305,0.0005336
3188195328,950203.2,0.005683,0.045706,0.000877,-0.589844,0.0,0.9875,1.0356,0.000608,0.000631,0.001077,2.444077,4.226912,0.00048917
3188981760,947592.0,0.004582,0.028101,0.000858,-0.585938,0.0,0.9875,1.0356,0.000613,0.000711,0.000963,2.431883,4.162062,0.00052076
3189768192,944887.3,-0.000538,0.025023,0.00087,-0.582031,0.0,0.9874,1.0353,0.000496,0.000711,0.00084,2.521214,4.081156,0.00050634
3190554624,938494.1,-0.001484,0.041528,0.000881,-0.589844,0.0,0.9873,1.035,0.000655,0.000552,0.000939,2.479179,4.203347,0.00051928
3191341056,935966.0,0.000252,0.020834,0.000878,-0.570312,0.0,0.9872,1.0345,0.000588,0.000587,0.00109,2.413491,4.416324,0.00051496
3192127488,933447.4,0.003848,0.025383,0.000866,-0.566406,0.0,0.9873,1.0347,0.000577,0.000557,0.000957,2.454038,4.245062,0.00049415
3192913920,930926.7,-0.003957,0.023139,0.000891,-0.5625,0.0,0.9872,1.0343,0.000582,0.000556,0.000924,2.396951,4.176105,0.00049551
3193700352,925539.6,-0.000866,0.033768,0.000907,-0.582031,0.0,0.9871,1.0341,0.000495,0.000505,0.000947,2.552426,4.235378,0.00054663
3194486784,923102.4,0.003711,0.026148,0.00088,-0.574219,0.0,0.9871,1.034,0.000507,0.000582,0.000847,2.349226,4.367836,0.00051887
3195273216,920693.9,-0.000916,0.025297,0.00085,-0.574219,0.0,0.9871,1.0341,0.000493,0.000508,0.00084,2.499352,4.385203,0.00054488
3196059648,915158.8,-0.00172,0.038141,0.000854,-0.589844,0.0,0.987,1.0338,0.000669,0.000564,0.000974,2.238415,4.545244,0.00050596
3196846080,912639.2,0.001157,0.02591,0.000842,-0.582031,0.0,0.987,1.0334,0.001006,0.000759,0.001096,2.402125,4.192128,0.00057174
3197632512,910285.2,-0.002659,0.027894,0.000853,-0.570312,0.0,0.9869,1.0329,0.000882,0.000745,0.001076,2.376662,4.15786,0.00047798
3198418944,907937.2,0.004476,0.026888,0.000859,-0.582031,0.0,0.9867,1.0322,0.000627,0.000869,0.000897,2.475291,4.185373,0.0004531
3199205376,902358.1,0.001947,0.027596,0.000846,-0.585938,0.0,0.9867,1.0319,0.000595,0.000464,0.000886,2.570991,4.535403,0.00050631
3199991808,900040.7,-0.003662,0.019044,0.000839,-0.585938,0.0,0.9867,1.0318,0.000582,0.000598,0.000906,2.489311,4.414276,0.00048201
3200778240,897723.8,0.004256,0.021001,0.000843,-0.582031,0.0,0.9868,1.0322,0.000468,0.000622,0.000836,2.590975,4.449132,0.00050113
3201564672,892166.7,-0.002168,0.027681,0.000872,-0.589844,0.0,0.9869,1.0324,0.000437,0.000479,0.000755,2.785057,3.84961,0.00050785
3202351104,889922.9,0.003738,0.025574,0.000843,-0.597656,0.0,0.987,1.0322,0.000495,0.00056,0.000889,2.690232,4.310027,0.00059192
3203137536,887685.6,0.00309,0.028853,0.000848,-0.605469,0.0,0.9871,1.032,0.000547,0.000557,0.0008,2.517069,4.475278,0.00057011
3203923968,885457.4,0.004033,0.020199,0.000857,-0.597656,0.0,0.987,1.0319,0.000643,0.000679,0.000998,2.680177,4.354585,0.00049336
3204710400,880786.6,0.002776,0.031697,0.000835,-0.605469,0.0,0.9872,1.0323,0.000528,0.000578,0.00082,2.543265,4.277552,0.00050249
3205496832,878589.7,-0.000753,0.024586,0.000817,-0.570312,0.0,0.9872,1.0329,0.000669,0.000651,0.000891,2.560622,4.300477,0.00056357
3206283264,876374.6,-0.000913,0.019379,0.000833,-0.574219,0.0,0.9872,1.0333,0.000467,0.000641,0.000857,2.427759,4.137286,0.00049101
3207069696,874200.7,0.002647,0.020839,0.000829,-0.566406,0.0,0.9873,1.0339,0.000431,0.000515,0.00079,2.486596,4.430404,0.00055904
3207856128,869308.3,-0.001377,0.027216,0.000865,-0.582031,0.0,0.9873,1.0337,0.000494,0.000447,0.000836,2.511356,4.317487,0.00052692
3208642560,867185.1,0.000908,0.029335,0.000823,-0.566406,0.0,0.9873,1.0334,0.000522,0.00039,0.000827,2.442524,4.322007,0.00051719
3209428992,865079.3,0.00634,0.031196,0.000851,-0.5625,0.0,0.9875,1.0333,0.000585,0.000474,0.000872,2.40751,4.255906,0.00055474
3210215424,859923.4,0.002199,0.031134,0.000857,-0.582031,0.0,0.9876,1.0335,0.000617,0.000447,0.000673,2.627398,4.297702,0.00052378
3211001856,857632.4,0.001921,0.02442,0.001079,-0.574219,0.0,0.9877,1.0336,0.000556,0.000568,0.000945,2.483074,4.341461,0.00051959
3211788288,855394.6,-0.004761,0.030267,0.000855,-0.585938,0.0,0.9877,1.0337,0.000765,0.000541,0.000925,2.535459,4.345636,0.00056871
3212574720,853347.1,0.004373,0.028082,0.000998,-0.578125,0.0,0.9877,1.0339,0.000561,0.000534,0.000969,2.572653,4.354771,0.00054535
3213361152,848194.9,0.006807,0.035374,0.000837,-0.59375,0.0,0.9879,1.0341,0.000431,0.000411,0.000774,2.436983,4.269464,0.00048399
3214147584,846134.6,-0.002265,0.024171,0.000841,-0.585938,0.0,0.9882,1.0345,0.000393,0.000551,0.000758,2.405055,4.211525,0.0004745
3214934016,844092.5,0.002684,0.027271,0.000833,-0.582031,0.0,0.9885,1.0343,0.000441,0.000526,0.00085,2.520134,4.183743,0.00049592
3215720448,839589.4,0.000756,0.033897,0.000851,-0.589844,0.0,0.9884,1.0339,0.000471,0.000451,0.000744,2.365965,4.242054,0.00047983
3216506880,837606.0,0.000839,0.023628,0.000854,-0.578125,0.0,0.9884,1.0335,0.00051,0.000498,0.00077,2.496315,4.299806,0.00055079
3217293312,835639.6,-0.000769,0.021535,0.000846,-0.574219,0.0,0.9882,1.0328,0.000526,0.000493,0.000824,2.443766,4.295063,0.00052661
3218079744,833666.2,-0.005008,0.023893,0.000851,-0.578125,0.0,0.9879,1.032,0.000503,0.000551,0.000785,2.490177,4.251913,0.0004572
3218866176,829027.8,-0.001618,0.030671,0.000888,-0.578125,0.0,0.988,1.0319,0.000541,0.000485,0.001021,2.379272,4.009408,0.00049466
3219652608,826966.1,-0.002018,0.025652,0.000881,-0.574219,0.0,0.9878,1.0314,0.00047,0.00049,0.000922,2.350884,4.198097,0.00055192
3220439040,824826.7,-0.001858,0.026588,0.000883,-0.570312,0.0,0.9876,1.0308,0.000497,0.000436,0.000872,2.342292,4.304981,0.00048193
3221225472,819882.2,-0.002682,0.03529,0.000891,-0.582031,0.0,0.9874,1.0295,0.000441,0.000518,0.001011,2.26361,4.507468,0.00049743
3222011904,818010.8,-0.007666,0.026333,0.000865,-0.550781,0.0,0.9874,1.0291,0.000475,0.000507,0.000743,2.301883,4.166249,0.00052187
3222798336,816152.1,0.00064,0.027957,0.000884,-0.5625,0.0,0.9874,1.0288,0.000532,0.000591,0.000773,2.403929,4.20932,0.00049883
3223584768,814295.0,0.001619,0.024955,0.000876,-0.550781,0.0,0.9875,1.0285,0.000393,0.000566,0.000616,2.381729,4.172577,0.00050063
3224371200,810352.8,0.0049,0.0337,0.000888,-0.566406,0.0,0.9875,1.0288,0.000415,0.000519,0.000762,2.34299,4.23679,0.00052397
3225157632,808516.3,-0.003843,0.022194,0.000892,-0.5625,0.0,0.9876,1.0294,0.000429,0.000653,0.00069,2.366598,4.264772,0.00054063
3225944064,806675.0,-0.005004,0.023149,0.000906,-0.5625,0.0,0.9876,1.0297,0.000443,0.000679,0.001015,2.392326,4.148874,0.00056917
3226730496,802405.5,0.001908,0.03477,0.000917,-0.566406,0.0,0.9876,1.0301,0.000411,0.000529,0.00084,2.503006,3.772444,0.00055291
3227516928,800517.4,0.001825,0.026709,0.000844,-0.566406,0.0,0.9876,1.0299,0.00046,0.000627,0.001038,2.40855,3.992186,0.00054047
3228303360,798734.8,0.001675,0.026835,0.000883,-0.574219,0.0,0.9877,1.0298,0.000407,0.000568,0.000914,2.341945,4.241375,0.00052282
3229089792,796963.0,-0.000988,0.025666,0.000885,-0.582031,0.0,0.9877,1.0296,0.000507,0.000572,0.000786,2.442841,4.253983,0.00053061
3229876224,793272.6,-0.004111,0.036121,0.000879,-0.574219,0.0,0.9879,1.03,0.000499,0.000522,0.000845,2.394021,4.100999,0.00055688
3230662656,791508.8,0.007313,0.028955,0.000869,-0.5625,0.0,0.9876,1.0297,0.000448,0.00055,0.000694,2.443704,4.223343,0.00055777
3231449088,789611.9,0.006462,0.026638,0.000886,-0.558594,0.0,0.9871,1.0292,0.000465,0.000467,0.000757,2.381903,4.164298,0.0005196
3232235520,787846.6,-0.001439,0.027253,0.00088,-0.5625,0.0,0.987,1.0293,0.000495,0.00053,0.000948,2.356794,4.270823,0.00056563
3233021952,784103.1,0.000237,0.033789,0.000916,-0.589844,0.0,0.9868,1.0293,0.00066,0.000546,0.001031,2.466052,4.345381,0.00054381
3233808384,782298.2,-0.000848,0.029243,0.000904,-0.582031,0.0,0.9867,1.0292,0.00057,0.000529,0.001046,2.455541,4.293498,0.00060772
3234594816,780620.1,-0.001832,0.029408,0.000905,-0.574219,0.0,0.9867,1.0292,0.000535,0.000565,0.001031,2.416661,4.266154,0.0004915
3235381248,777282.3,-0.005867,0.035826,0.000913,-0.589844,0.0,0.9869,1.0298,0.000608,0.000484,0.000736,2.4701,4.268947,0.00052716
3236167680,775612.1,0.000659,0.02776,0.000888,-0.570312,0.0,0.9868,1.0301,0.00044,0.000525,0.000783,2.493638,4.336694,0.00053293
3236954112,773947.2,-0.002715,0.025021,0.000896,-0.574219,0.0,0.9868,1.0307,0.000506,0.000522,0.000819,2.391545,4.302268,0.00060307
3237740544,772285.7,-0.002297,0.029677,0.000896,-0.574219,0.0,0.9868,1.0312,0.000516,0.000542,0.000819,2.481668,4.226143,0.00057628
3238526976,768664.1,0.000902,0.03958,0.00095,-0.597656,0.0,0.987,1.0315,0.000557,0.000436,0.000953,2.573473,4.309971,0.00049883
3239313408,767032.0,0.001894,0.030775,0.000939,-0.589844,0.0,0.9869,1.031,0.000431,0.000499,0.000862,2.549726,4.262894,0.00055477
3240099840,765403.3,-0.002155,0.03389,0.000919,-0.597656,0.0,0.9868,1.0298,0.000574,0.000534,0.001045,2.552491,4.289738,0.00053805
3240886272,762056.4,0.002334,0.041235,0.000959,-0.601562,0.0,0.9868,1.0291,0.000423,0.000485,0.000783,2.670366,4.487602,0.0004589
3241672704,760484.7,0.003341,0.021875,0.000906,-0.589844,0.0,0.9866,1.0286,0.000489,0.000476,0.000794,2.802071,4.590622,0.0005595
3242459136,758872.9,-0.00301,0.024501,0.000908,-0.589844,0.0,0.9865,1.0281,0.00055,0.000531,0.000809,2.650973,4.587202,0.00053383
3243245568,757311.4,-0.001495,0.025827,0.000901,-0.585938,0.0,0.9863,1.0276,0.000453,0.000476,0.000732,2.685897,4.452668,0.00053595
3244032000,754129.7,-0.000932,0.03223,0.000895,-0.597656,0.0,0.9862,1.027,0.000437,0.000434,0.000798,2.390126,4.059966,0.00050167
3244818432,752561.2,-0.002774,0.022199,0.000843,-0.582031,0.0,0.9862,1.0269,0.000486,0.000412,0.000728,2.399885,4.088005,0.00050527
3245604864,750994.7,0.003975,0.021354,0.000856,-0.585938,0.0,0.9863,1.0269,0.000492,0.000493,0.000787,2.354743,4.241712,0.0004824
3246391296,747752.1,-0.001201,0.033318,0.000859,-0.59375,0.0,0.9862,1.0266,0.000397,0.000464,0.000715,2.398503,4.431363,0.00051419
3247177728,746041.7,0.000111,0.023959,0.000853,-0.578125,0.0,0.9864,1.0268,0.00049,0.000511,0.000801,2.463197,4.225721,0.00051144
3247964160,744407.8,-0.002109,0.017909,0.000861,-0.578125,0.0,0.9864,1.0269,0.000421,0.000477,0.000722,2.390862,4.109633,0.00049458
3248750592,742865.2,-0.008546,0.020701,0.000849,-0.578125,0.0,0.9865,1.0271,0.0004,0.000465,0.0008,2.435323,4.235679,0.00056338
3249537024,739521.9,0.005471,0.034097,0.00085,-0.597656,0.0,0.9867,1.0271,0.000428,0.000474,0.000818,2.485353,4.197666,0.00047255
3250323456,738026.5,0.003543,0.024921,0.000838,-0.59375,0.0,0.9864,1.0258,0.000441,0.000492,0.000765,2.431092,4.287307,0.00051661
3251109888,736489.1,-0.001163,0.026969,0.000837,-0.59375,0.0,0.9863,1.0248,0.000609,0.000473,0.000755,2.509504,4.254434,0.00049599
3251896320,733637.2,-0.001823,0.028346,0.000865,-0.605469,0.0,0.9862,1.0241,0.000364,0.000485,0.000816,2.394102,3.823361,0.0005396
3252682752,732116.1,0.00153,0.032077,0.000882,-0.582031,0.0,0.9861,1.0235,0.00052,0.000387,0.000743,2.575724,4.225837,0.00055956
3253469184,730666.9,-0.002102,0.024429,0.000907,-0.582031,0.0,0.9861,1.0229,0.000434,0.000509,0.000752,2.513894,4.330511,0.00055846
3254255616,729220.8,-0.007745,0.021529,0.000902,-0.582031,0.0,0.9861,1.0224,0.000395,0.00051,0.000785,2.530913,4.228461,0.00051113
3255042048,725808.2,-0.000357,0.034804,0.000879,-0.597656,0.0,0.986,1.0223,0.000323,0.000484,0.000665,2.58285,4.410064,0.00054854
3255828480,724370.0,0.006252,0.03123,0.000873,-0.585938,0.0,0.9861,1.0229,0.00043,0.000507,0.0008,2.510024,4.341649,0.00057095
3256614912,722875.5,0.002563,0.027574,0.000886,-0.59375,0.0,0.9861,1.0233,0.000615,0.000487,0.000885,2.478163,4.330336,0.00046094
3257401344,721448.6,-0.008552,0.029942,0.000872,-0.589844,0.0,0.9861,1.0238,0.000516,0.000664,0.000998,2.563836,4.364087,0.00048083
3258187776,718018.4,-0.000282,0.032014,0.000863,-0.609375,0.0,0.9861,1.0235,0.000465,0.00053,0.001275,2.663424,4.382615,0.00047776
3258974208,716574.7,-0.004023,0.028976,0.000841,-0.597656,0.0,0.9861,1.0228,0.000495,0.000407,0.001119,2.609265,4.206265,0.00051022
3259760640,715162.1,0.000936,0.028265,0.000888,-0.589844,0.0,0.9861,1.0224,0.000556,0.000438,0.000995,2.529287,4.263318,0.00053393
3260547072,712066.6,-0.003944,0.032567,0.000881,-0.59375,0.0,0.9862,1.0224,0.000378,0.000442,0.000749,2.445182,4.122986,0.00052136
3261333504,710638.8,0.00247,0.025841,0.000892,-0.574219,0.0,0.9859,1.0222,0.00048,0.000526,0.000738,2.507045,4.138145,0.00057949
3262119936,709260.4,0.000507,0.02606,0.000896,-0.578125,0.0,0.9859,1.0224,0.0005,0.000478,0.000672,2.445761,4.446468,0.00055462
3262906368,707890.8,-0.003014,0.021137,0.00088,-0.582031,0.0,0.9858,1.0225,0.000456,0.000506,0.000706,2.520183,4.415597,0.00051217
3263692800,704589.4,-0.002698,0.033813,0.000864,-0.589844,0.0,0.9857,1.0225,0.000472,0.000437,0.000712,2.507064,4.38341,0.00052987
3264479232,703170.4,-0.002331,0.026769,0.000893,-0.582031,0.0,0.9857,1.0226,0.000452,0.000432,0.000657,2.503089,4.259766,0.00053311
3265265664,701815.5,-0.005725,0.021747,0.000889,-0.578125,0.0,0.9856,1.0227,0.000435,0.000439,0.000731,2.510171,4.256819,0.00054374
3266052096,698804.8,0.001057,0.033331,0.000877,-0.589844,0.0,0.9856,1.0225,0.000478,0.000416,0.000569,2.497812,4.204782,0.00053829
3266838528,697465.7,-5.5e-05,0.035922,0.000857,-0.585938,0.0,0.9854,1.0216,0.000715,0.000529,0.001044,2.516606,4.276286,0.00051294
3267624960,696141.7,0.003636,0.032417,0.000878,-0.582031,0.0,0.9853,1.0213,0.000446,0.000438,0.000928,2.487926,4.199722,0.00049891
3268411392,694817.7,0.000721,0.030236,0.000888,-0.582031,0.0,0.9853,1.0211,0.000464,0.000448,0.000916,2.462976,4.25831,0.00049173
3269197824,691785.9,0.002594,0.034952,0.000851,-0.597656,0.0,0.9855,1.0212,0.00047,0.000447,0.000913,2.649281,4.252962,0.00050359
3269984256,690479.0,0.002401,0.025124,0.00087,-0.582031,0.0,0.9855,1.0208,0.000462,0.000571,0.000892,2.464741,4.473251,0.00052754
3270770688,689179.1,0.003361,0.037601,0.000858,-0.582031,0.0,0.9854,1.0203,0.000787,0.000463,0.000901,2.454915,4.348761,0.00054733
3271557120,685395.3,0.000518,0.043145,0.000845,-0.59375,0.0,0.9853,1.0196,0.00034,0.000474,0.000798,2.381341,4.566936,0.00050146
3272343552,684130.0,-0.000152,0.029968,0.000836,-0.589844,0.0,0.9853,1.0195,0.000388,0.000584,0.000684,2.435284,4.275878,0.00055282
3273129984,682880.8,-0.001965,0.024622,0.000842,-0.582031,0.0,0.9852,1.0199,0.000424,0.000472,0.000681,2.495233,4.313834,0.00052504
3273916416,681505.9,0.002336,0.030798,0.000849,-0.578125,0.0,0.9852,1.02,0.000389,0.000511,0.000565,2.463374,4.18689,0.00052188
3274702848,678025.7,-0.006721,0.03826,0.000945,-0.59375,0.0,0.9853,1.0204,0.000606,0.000446,0.000695,2.403112,4.165922,0.00054459
3275489280,676770.7,-0.004594,0.027016,0.001003,-0.585938,0.0,0.9852,1.0203,0.000519,0.000389,0.000853,2.379669,4.355974,0.00050822
3276275712,675529.6,-0.005033,0.034588,0.001034,-0.589844,0.0,0.9851,1.0204,0.000602,0.000543,0.00102,2.49777,4.297874,0.00060788
3277062144,672690.1,0.006439,0.036639,0.001024,-0.605469,0.0,0.9851,1.0207,0.000604,0.000475,0.000888,2.472102,3.980344,0.00051316
3277848576,671478.4,-0.005136,0.02775,0.000849,-0.597656,0.0,0.985,1.0205,0.000581,0.000474,0.000765,2.64732,4.279479,0.0005253
3278635008,670270.8,0.003246,0.031903,0.000849,-0.601562,0.0,0.985,1.0203,0.000634,0.000539,0.000904,2.544782,4.400799,0.00058278
3279421440,669065.1,-0.002659,0.025638,0.000842,-0.601562,0.0,0.9849,1.0198,0.000422,0.000426,0.000941,2.669818,4.469409,0.00055871
3280207872,666217.8,-0.012625,0.029846,0.000844,-0.605469,0.0,0.9851,1.02,0.000419,0.000417,0.000716,2.468758,4.233104,0.0005479
3280994304,665023.2,-1.7e-05,0.023841,0.000879,-0.585938,0.0,0.985,1.0199,0.000348,0.000489,0.000631,2.464158,4.165205,0.00053148
3281780736,663835.6,-0.001079,0.024605,0.000856,-0.582031,0.0,0.9849,1.0199,0.000379,0.000382,0.000681,2.48221,4.07518,0.00054512
3282567168,662651.6,-0.006476,0.021452,0.000854,-0.578125,0.0,0.985,1.0199,0.000374,0.000403,0.000628,2.556756,4.097119,0.00056988
3283353600,659999.9,0.000136,0.03489,0.000858,-0.589844,0.0,0.985,1.0198,0.000349,0.000415,0.000701,2.383991,4.241354,0.00057889
3284140032,658835.8,-0.000931,0.032793,0.000881,-0.582031,0.0,0.985,1.0207,0.000486,0.000492,0.000644,2.430546,4.197993,0.00049963
3284926464,657674.1,0.000925,0.027679,0.000894,-0.582031,0.0,0.9852,1.0218,0.000347,0.000506,0.000672,2.455801,4.037925,0.00051139
3285712896,654958.3,-0.00019,0.036671,0.000878,-0.597656,0.0,0.9857,1.0232,0.000524,0.00047,0.000673,2.547867,4.121,0.00046803
3286499328,653810.4,-0.002143,0.023632,0.000834,-0.59375,0.0,0.9859,1.0247,0.000514,0.000521,0.000608,2.525764,4.177983,0.0005252
3287285760,652668.4,0.005087,0.026868,0.000798,-0.59375,0.0,0.9862,1.0261,0.000358,0.000399,0.000699,2.515525,4.360551,0.00052459
3288072192,651528.9,0.005892,0.019018,0.000838,-0.597656,0.0,0.9864,1.0275,0.000335,0.00033,0.000581,2.519153,4.285602,0.00052005
3288858624,649087.1,-0.000954,0.031764,0.000817,-0.613281,0.0,0.9865,1.028,0.000369,0.000406,0.000776,2.565324,4.379992,0.0004983
3289645056,647961.4,-0.002288,0.026501,0.000844,-0.59375,0.0,0.9866,1.0285,0.000321,0.000517,0.000806,2.524249,4.307736,0.00053715
3290431488,646842.7,-0.000527,0.027856,0.000836,-0.59375,0.0,0.9865,1.0281,0.000395,0.000498,0.000832,2.593151,4.184153,0.00047222
3291217920,644364.6,0.000399,0.03498,0.000836,-0.601562,0.0,0.9867,1.0284,0.000337,0.000382,0.000615,2.505867,4.282123,0.00048252
3292004352,643251.8,-0.001202,0.025882,0.000876,-0.589844,0.0,0.9865,1.028,0.000457,0.00041,0.000588,2.588774,4.335041,0.00057465
3292790784,642143.1,0.000452,0.029111,0.000883,-0.589844,0.0,0.9865,1.0283,0.000463,0.000471,0.000782,2.520519,4.302115,0.00061394
3293577216,641039.1,-0.002288,0.027405,0.000914,-0.59375,0.0,0.9867,1.0288,0.000415,0.000404,0.000729,2.638675,4.345166,0.00056295
3294363648,638768.0,0.001922,0.034702,0.000914,-0.605469,0.0,0.9868,1.0295,0.00029,0.000422,0.000797,2.788555,4.494707,0.00055228
3295150080,637696.8,-0.002915,0.021914,0.000882,-0.597656,0.0,0.9869,1.0303,0.000448,0.000364,0.000924,2.584425,4.575623,0.00063684
3295936512,636581.4,0.004297,0.023662,0.000917,-0.59375,0.0,0.9869,1.0308,0.000366,0.000335,0.000679,2.801914,4.515575,0.00057613
3296722944,633965.2,0.000301,0.028891,0.000881,-0.605469,0.0,0.9871,1.0317,0.000338,0.000337,0.000697,2.539335,4.540961,0.00052021
3297509376,632812.8,-0.000226,0.025298,0.000791,-0.613281,0.0,0.9871,1.032,0.00032,0.000353,0.000575,2.55998,4.289979,0.00045895
3298295808,631735.5,0.009097,0.027301,0.000776,-0.609375,0.0,0.9873,1.0323,0.000364,0.000404,0.000589,2.718918,4.304191,0.00049933
3299082240,630544.2,-0.0076,0.020071,0.000774,-0.605469,0.0,0.9874,1.0324,0.000379,0.000347,0.000647,2.597948,4.294151,0.00052447
3299868672,628281.6,0.000811,0.032309,0.000805,-0.605469,0.0,0.9875,1.0326,0.00038,0.000429,0.000567,2.58533,4.359032,0.00047971
3300655104,627176.4,-0.003608,0.02581,0.000801,-0.582031,0.0,0.9876,1.0326,0.000421,0.000385,0.000759,2.596289,4.345222,0.00056402
3301441536,626025.2,-0.001178,0.024119,0.000808,-0.59375,0.0,0.9877,1.0327,0.000371,0.000425,0.000642,2.513016,4.384172,0.00055569
3302227968,623592.9,0.000913,0.031661,0.000851,-0.59375,0.0,0.9878,1.0331,0.000418,0.000313,0.000539,2.161574,3.847969,0.00053836
3303014400,622517.3,-0.006769,0.034018,0.000913,-0.570312,0.0,0.9877,1.0327,0.000566,0.000361,0.000644,2.505771,4.186958,0.0005807
3303800832,621491.3,0.001431,0.027063,0.000985,-0.574219,0.0,0.9874,1.0318,0.000511,0.000406,0.000703,2.400477,4.166487,0.00055385
3304587264,620469.0,0.003335,0.030131,0.001057,-0.578125,0.0,0.9872,1.0311,0.000464,0.000451,0.000744,2.319336,4.132016,0.0005274
3305373696,618371.5,-0.000824,0.037751,0.000897,-0.59375,0.0,0.987,1.0306,0.000375,0.000388,0.000597,2.479873,4.266418,0.00047841
3306160128,617345.6,-0.004308,0.024316,0.000866,-0.589844,0.0,0.9871,1.0307,0.000329,0.000365,0.00066,2.639687,4.217299,0.00051799
3306946560,616291.8,-0.002367,0.024949,0.000841,-0.589844,0.0,0.9873,1.0308,0.000383,0.000402,0.000621,2.560235,4.190616,0.00052395
3307732992,615296.1,-0.000703,0.035008,0.000892,-0.585938,0.0,0.9873,1.0307,0.000314,0.000392,0.000608,2.543051,4.227176,0.00050601
3308519424,613285.1,0.004644,0.030529,0.000869,-0.601562,0.0,0.9875,1.0308,0.000414,0.000387,0.000672,2.368779,4.286688,0.00051826
3309305856,612264.2,0.007415,0.024573,0.000844,-0.585938,0.0,0.9877,1.031,0.000364,0.000353,0.000689,2.343935,4.196638,0.00050299
3310092288,611275.5,0.000314,0.024531,0.000876,-0.589844,0.0,0.9877,1.0312,0.000418,0.000411,0.000706,2.436686,4.18202,0.00046635
3310878720,608886.0,-0.004745,0.032776,0.000893,-0.601562,0.0,0.9877,1.031,0.000338,0.000368,0.000554,2.558723,4.408548,0.00047663
3311665152,607885.6,-0.005629,0.015787,0.000845,-0.589844,0.0,0.9877,1.0308,0.000356,0.000404,0.000649,2.697652,4.258121,0.00044347
3312451584,606905.3,-0.002674,0.025169,0.000872,-0.601562,0.0,0.9876,1.0307,0.000371,0.000367,0.000632,2.634776,4.479934,0.00051326
3313238016,605929.2,-0.004317,0.021038,0.000854,-0.605469,0.0,0.9874,1.0303,0.000318,0.000409,0.0006,2.560332,4.355055,0.00052276
3314024448,604091.5,0.000482,0.034812,0.000834,-0.613281,0.0,0.9873,1.03,0.000398,0.000438,0.000633,2.513633,4.266184,0.00055217
3314810880,603142.8,0.003074,0.027583,0.00081,-0.589844,0.0,0.9872,1.0298,0.000433,0.000419,0.000576,2.552221,4.291801,0.00051162
3315597312,602198.2,-4.1e-05,0.024688,0.000826,-0.59375,0.0,0.9872,1.0297,0.000365,0.000437,0.000748,2.5532,4.179551,0.00049074
3316383744,600208.8,0.003676,0.038932,0.000839,-0.613281,0.0,0.9871,1.0293,0.000338,0.000403,0.000543,2.629651,4.259395,0.00051366
3317170176,599238.0,0.002356,0.028285,0.000826,-0.613281,0.0,0.987,1.0296,0.000363,0.000396,0.000528,2.601516,4.423808,0.0005021
3317956608,598281.6,0.004407,0.027219,0.000806,-0.609375,0.0,0.987,1.0298,0.000283,0.000399,0.000575,2.621191,4.263235,0.00052595
3318743040,597330.1,-0.002328,0.023732,0.000832,-0.617188,0.0,0.9871,1.0304,0.000302,0.000402,0.000532,2.659422,4.2729,0.00050945
3319529472,595376.8,4.6e-05,0.034209,0.000853,-0.601562,0.0,0.9868,1.03,0.000284,0.000387,0.000519,2.502743,4.220251,0.00050659
3320315904,594447.6,-0.002045,0.029077,0.000832,-0.582031,0.0,0.9869,1.0305,0.000354,0.000393,0.000571,2.569833,4.22691,0.00052195
3321102336,593524.9,-0.00055,0.025367,0.000833,-0.585938,0.0,0.9869,1.0307,0.000248,0.000321,0.000581,2.528708,4.292989,0.00052953
3321888768,591755.8,-0.002944,0.038835,0.000844,-0.59375,0.0,0.9868,1.0306,0.000293,0.00034,0.000623,2.507325,4.546301,0.00050865
3322675200,590842.1,0.003915,0.0319,0.000835,-0.589844,0.0,0.9867,1.0304,0.00048,0.000356,0.000741,2.392629,4.373984,0.00049679
3323461632,589932.8,-0.001174,0.025072,0.000875,-0.582031,0.0,0.9866,1.0306,0.000386,0.000355,0.000641,2.431422,4.382731,0.0005502
3324248064,588993.0,-0.009254,0.020535,0.000832,-0.585938,0.0,0.9865,1.0307,0.000333,0.000375,0.000634,2.531545,4.387915,0.00049598
3325034496,587279.2,-0.005273,0.032736,0.000836,-0.601562,0.0,0.9866,1.0309,0.000279,0.000405,0.000539,2.631589,4.255404,0.00058309
3325820928,586386.4,-0.003903,0.021714,0.00082,-0.585938,0.0,0.9865,1.0312,0.000282,0.000373,0.000545,2.430799,4.20058,0.00052981
3326607360,585505.8,0.004392,0.028002,0.000842,-0.585938,0.0,0.9865,1.0314,0.000273,0.000356,0.000455,2.539644,4.189712,0.00053033
3327393792,583621.1,0.002737,0.035319,0.00085,-0.605469,0.0,0.9864,1.0315,0.000255,0.000344,0.000534,2.454423,4.102297,0.00048925
3328180224,582732.5,0.000888,0.024588,0.000844,-0.605469,0.0,0.9864,1.0312,0.000472,0.000352,0.000721,2.579108,4.15623,0.00052271
3328966656,581808.0,0.002465,0.028208,0.000847,-0.597656,0.0,0.9865,1.0308,0.000407,0.000421,0.0008,2.535171,4.339885,0.00049741
3329753088,580913.3,0.001243,0.029529,0.000838,-0.613281,0.0,0.9866,1.0304,0.0004,0.000396,0.000663,2.547899,4.214973,0.00046182
3330539520,578623.7,-0.004943,0.033229,0.000828,-0.617188,0.0,0.9868,1.0304,0.000338,0.000324,0.000629,2.434961,4.242209,0.00053325
3331325952,577748.8,-0.000217,0.027819,0.000823,-0.59375,0.0,0.9869,1.0307,0.000413,0.000335,0.000596,2.443065,4.171114,0.00051331
3332112384,576851.0,0.003244,0.029681,0.000839,-0.597656,0.0,0.987,1.0311,0.000312,0.000382,0.000708,2.4822,4.153581,0.00049264
3332898816,575985.5,0.004528,0.028157,0.000855,-0.597656,0.0,0.9871,1.0316,0.000355,0.000362,0.000764,2.48125,4.143869,0.00043259
3333685248,573946.8,6.9e-05,0.025396,0.000824,-0.617188,0.0,0.9871,1.0315,0.000427,0.000374,0.000624,2.754657,4.625283,0.00046704
3334471680,573093.3,0.002503,0.02928,0.000826,-0.601562,0.0,0.987,1.0307,0.000283,0.000313,0.000553,2.657095,4.449517,0.00056975
3335258112,572225.3,-0.005623,0.022292,0.000819,-0.601562,0.0,0.9869,1.0303,0.000315,0.000337,0.00054,2.604916,4.495977,0.00051874
3336044544,570266.4,-0.002862,0.026849,0.000816,-0.601562,0.0,0.9869,1.03,0.000324,0.000296,0.000504,2.53936,4.368158,0.00047005
3336830976,569393.7,-0.00388,0.023185,0.000812,-0.582031,0.0,0.987,1.0302,0.000322,0.000329,0.00061,2.501839,4.188774,0.00054975
3337617408,568548.9,0.000509,0.021712,0.000804,-0.582031,0.0,0.9871,1.0299,0.000293,0.000383,0.000549,2.519289,4.257572,0.00051596
3338403840,567714.6,0.004685,0.028965,0.000825,-0.585938,0.0,0.9873,1.0301,0.000298,0.000358,0.000545,2.477176,4.283183,0.00048252
3339190272,565635.5,-0.003291,0.027704,0.000855,-0.585938,0.0,0.9872,1.0298,0.000272,0.000338,0.000615,2.479434,4.383975,0.00052972
3339976704,564823.8,0.003091,0.021311,0.000869,-0.582031,0.0,0.9876,1.0303,0.000264,0.000364,0.000629,2.482862,4.397072,0.0005749
3340763136,564015.3,0.002407,0.021586,0.000882,-0.585938,0.0,0.9876,1.0301,0.000252,0.000343,0.000546,2.592703,4.401419,0.00053915
3341549568,561035.8,-0.001259,0.031792,0.00086,-0.597656,0.0,0.9878,1.0303,0.000256,0.000298,0.000445,2.463628,4.263372,0.00053363
3342336000,560225.6,0.006955,0.027828,0.000813,-0.589844,0.0,0.9879,1.0304,0.000339,0.000342,0.000576,2.439055,4.298264,0.00051466
3343122432,559415.2,-0.000109,0.027363,0.000835,-0.59375,0.0,0.988,1.0304,0.000253,0.000352,0.000623,2.570726,4.264283,0.00051031
3343908864,558593.5,-0.001174,0.028812,0.000829,-0.601562,0.0,0.9881,1.0306,0.000311,0.000364,0.000575,2.608727,4.281338,0.00055341
3344695296,556632.4,-0.003668,0.028971,0.000838,-0.605469,0.0,0.9882,1.0312,0.00025,0.000274,0.000446,2.609221,4.386747,0.00051838
3345481728,555813.2,-0.006953,0.016034,0.00081,-0.585938,0.0,0.9882,1.032,0.000285,0.00033,0.000561,2.533995,4.320257,0.00054677
3346268160,555017.9,-0.004781,0.026671,0.000816,-0.585938,0.0,0.9882,1.0327,0.00032,0.000308,0.000557,2.496207,4.398675,0.00057558
3347054592,553086.9,-0.004539,0.027289,0.000836,-0.597656,0.0,0.9882,1.0333,0.000296,0.000298,0.000478,2.565891,4.383443,0.00055848
3347841024,552206.8,0.003857,0.029469,0.000877,-0.59375,0.0,0.9881,1.0326,0.000268,0.000318,0.000582,2.511738,4.267588,0.00056286
3348627456,551408.5,0.000759,0.029595,0.000869,-0.59375,0.0,0.9879,1.0321,0.000289,0.00038,0.000593,2.543991,4.242767,0.00058021
3349413888,550629.1,-0.000659,0.023233,0.000878,-0.589844,0.0,0.9878,1.0316,0.000242,0.000342,0.000497,2.547172,4.162271,0.00058351
3350200320,548722.2,0.005174,0.032709,0.000861,-0.613281,0.0,0.9878,1.0314,0.000238,0.000285,0.000448,2.562366,4.330486,0.00054563
3350986752,547949.6,0.005909,0.027739,0.000838,-0.59375,0.0,0.988,1.0321,0.000305,0.000339,0.000486,2.562578,4.392145,0.00051927
3351773184,547180.4,-1.6e-05,0.024882,0.000833,-0.601562,0.0,0.9881,1.0327,0.000306,0.000343,0.000572,2.613957,4.245137,0.00049007
3352559616,545504.7,-0.003052,0.028421,0.00086,-0.617188,0.0,0.9882,1.0331,0.000288,0.000332,0.000448,2.371853,4.2411,0.00048546
3353346048,544754.2,-0.001236,0.019293,0.000974,-0.578125,0.0,0.9883,1.0335,0.000316,0.00031,0.000516,2.665848,4.415168,0.00052939
3354132480,543958.5,-0.002024,0.02173,0.000917,-0.582031,0.0,0.9882,1.0341,0.000332,0.000318,0.000608,2.559012,4.452785,0.00051555
3354918912,543215.6,0.001949,0.02453,0.000867,-0.585938,0.0,0.9881,1.0342,0.000278,0.00029,0.000487,2.513528,4.436708,0.00055931
3355705344,540991.3,0.001595,0.0304,0.000899,-0.601562,0.0,0.988,1.0347,0.000267,0.000317,0.000471,2.494171,4.284084,0.00050498
3356491776,540247.1,0.005178,0.025206,0.000832,-0.601562,0.0,0.9879,1.0345,0.000314,0.00031,0.000503,2.452445,4.192223,0.0005498
3357278208,539450.7,-0.001485,0.028261,0.000828,-0.59375,0.0,0.9879,1.0343,0.000208,0.000309,0.000585,2.46465,4.301948,0.00052465
3358064640,537853.2,0.000198,0.029119,0.000824,-0.59375,0.0,0.9877,1.0341,0.000256,0.000269,0.000449,2.574966,4.251503,0.00049548
3358851072,537091.1,0.002041,0.023785,0.000919,-0.605469,0.0,0.9877,1.0343,0.000243,0.000306,0.000459,2.62311,4.264511,0.00046794
3359637504,536356.3,0.001708,0.021553,0.000919,-0.589844,0.0,0.9876,1.0345,0.00031,0.00029,0.000476,2.50203,4.288721,0.00059438
3360423936,535625.8,-0.004014,0.022672,0.00091,-0.585938,0.0,0.9876,1.035,0.000288,0.000267,0.000427,2.647123,4.367819,0.00050703
3361210368,533780.2,-0.00113,0.038074,0.000887,-0.605469,0.0,0.9875,1.0351,0.000261,0.00026,0.000503,2.526645,4.153501,0.00049484
3361996800,533025.6,0.000685,0.029699,0.000856,-0.597656,0.0,0.9873,1.034,0.000311,0.000348,0.000663,2.564301,4.007766,0.00052023
3362783232,532278.5,0.003985,0.038218,0.000856,-0.601562,0.0,0.9873,1.033,0.000386,0.000282,0.000594,2.503977,4.265605,0.00052024
3363569664,531528.1,-0.004739,0.029723,0.000863,-0.597656,0.0,0.987,1.0318,0.000349,0.000309,0.000643,2.413928,4.171202,0.00049162
3364356096,529760.6,-0.005303,0.037911,0.000817,-0.605469,0.0,0.987,1.0318,0.000305,0.000319,0.000486,2.609974,4.410127,0.00057261
3365142528,529034.9,-0.000385,0.027905,0.000827,-0.601562,0.0,0.9871,1.0325,0.000233,0.000354,0.000489,2.605221,4.353787,0.0005271
3365928960,528318.3,8.7e-05,0.02518,0.000842,-0.59375,0.0,0.9871,1.0334,0.000273,0.000316,0.000516,2.617002,4.463218,0.00052003
3366715392,526719.6,0.000321,0.031114,0.000862,-0.601562,0.0,0.9872,1.0341,0.000223,0.000312,0.000396,2.486089,4.28039,0.00049199
3367501824,526003.6,0.002517,0.01934,0.000846,-0.578125,0.0,0.9869,1.0339,0.000252,0.000298,0.000501,2.465281,4.214003,0.00045501
3368288256,525288.7,-0.000538,0.018567,0.000852,-0.578125,0.0,0.987,1.0342,0.00032,0.000289,0.000532,2.550945,4.277312,0.00048052
3369074688,524579.8,0.00817,0.026956,0.00087,-0.574219,0.0,0.987,1.0343,0.000273,0.000325,0.000585,2.511864,4.280277,0.00055955
3369861120,523099.6,0.00096,0.031754,0.000881,-0.585938,0.0,0.9869,1.0341,0.00027,0.000266,0.000577,2.500289,4.229115,0.00053274
3370647552,522393.8,0.000987,0.022977,0.000882,-0.566406,0.0,0.9869,1.0337,0.000312,0.000328,0.000683,2.47113,4.121175,0.00053756
3371433984,521679.6,0.000435,0.024783,0.000859,-0.558594,0.0,0.9868,1.0333,0.000323,0.000228,0.000578,2.331003,4.298887,0.00055582
3372220416,520235.9,-0.006369,0.031301,0.000878,-0.582031,0.0,0.9868,1.0331,0.000213,0.000277,0.000439,2.542844,4.526949,0.00049764
3373006848,519549.1,-0.000675,0.022518,0.000872,-0.589844,0.0,0.9867,1.0324,0.000281,0.000255,0.000553,2.649307,4.45028,0.00051066
3373793280,518861.6,0.001365,0.027893,0.00087,-0.585938,0.0,0.9866,1.0317,0.000254,0.000259,0.000526,2.607645,4.397342,0.00052907
3374579712,518145.4,0.00402,0.027248,0.000895,-0.585938,0.0,0.9866,1.0315,0.000252,0.000266,0.000492,2.61728,4.304669,0.00055349
3375366144,516762.5,0.00593,0.046651,0.000881,-0.585938,0.0,0.9866,1.0316,0.000242,0.000249,0.000631,2.333597,4.210732,0.00052133
3376152576,516076.0,0.003415,0.027766,0.000887,-0.570312,0.0,0.9865,1.0309,0.000254,0.000282,0.000552,2.380809,4.210146,0.00052306
3376939008,515399.5,0.00044,0.028164,0.000889,-0.570312,0.0,0.9863,1.0304,0.000263,0.000252,0.000539,2.362325,4.286272,0.00053833
3377725440,514032.2,0.000173,0.032284,0.000882,-0.582031,0.0,0.9862,1.0299,0.000258,0.000284,0.000568,2.335136,4.222466,0.00052485
3378511872,513342.8,0.006795,0.018452,0.00083,-0.578125,0.0,0.9862,1.0296,0.00025,0.000276,0.00042,2.506641,4.058507,0.00044982
3379298304,512669.0,-0.006986,0.015987,0.00084,-0.574219,0.0,0.9862,1.0303,0.000199,0.000259,0.000361,2.519494,4.090599,0.00051854
3380084736,511991.6,0.004166,0.016951,0.000849,-0.578125,0.0,0.9863,1.0315,0.000261,0.000283,0.000377,2.394925,4.266459,0.00050802
3380871168,510504.1,0.005671,0.030737,0.000874,-0.59375,0.0,0.9865,1.0325,0.000177,0.000231,0.000389,2.397645,4.284796,0.00055016
3381657600,509831.4,-0.003499,0.026478,0.000912,-0.589844,0.0,0.9864,1.0324,0.00024,0.000224,0.000345,2.470567,4.308746,0.0005838
3382444032,509144.4,0.004308,0.027284,0.000918,-0.589844,0.0,0.9864,1.0319,0.000201,0.000301,0.000446,2.418852,4.25676,0.00053225
3383230464,507702.2,-0.003198,0.02624,0.000914,-0.589844,0.0,0.9863,1.0313,0.000229,0.000294,0.000413,3.080417,3.450537,0.00052076
3384016896,507048.6,-0.003951,0.032818,0.000862,-0.597656,0.0,0.9863,1.0305,0.00029,0.000216,0.000389,2.465177,4.182257,0.00057026
3384803328,506396.6,-0.004193,0.026825,0.000857,-0.582031,0.0,0.9863,1.0299,0.000252,0.000245,0.000481,2.596093,4.242151,0.00051495
3385589760,505748.7,-3.9e-05,0.028149,0.000869,-0.582031,0.0,0.9861,1.0293,0.000234,0.000285,0.000439,2.392311,4.277801,0.00051228
3386376192,504310.4,-0.00389,0.031079,0.000864,-0.59375,0.0,0.9863,1.0293,0.000181,0.000226,0.000327,2.563684,4.309262,0.00051334
3387162624,503669.4,0.002354,0.023418,0.000833,-0.578125,0.0,0.9863,1.0294,0.00027,0.000239,0.000383,2.564716,4.36503,0.00050116
3387949056,503023.7,0.008453,0.026928,0.000812,-0.582031,0.0,0.9864,1.0298,0.000231,0.000248,0.000368,2.484669,4.264871,0.00049626
3388735488,502381.6,-0.005652,0.019105,0.000813,-0.578125,0.0,0.9867,1.0305,0.000179,0.000247,0.000418,2.440501,4.322306,0.0005412
3389521920,501061.5,-0.001389,0.035725,0.000848,-0.601562,0.0,0.9866,1.0302,0.000192,0.00027,0.000478,2.550776,4.297388,0.00055139
3390308352,500427.6,-0.007537,0.02496,0.00083,-0.59375,0.0,0.9868,1.0302,0.000218,0.000269,0.00046,2.501306,4.280844,0.00048228
3391094784,499798.1,-0.000703,0.025312,0.000831,-0.582031,0.0,0.9868,1.0307,0.000246,0.000212,0.000358,2.451984,4.228775,0.00050924
3391881216,498327.7,0.00043,0.036966,0.000831,-0.601562,0.0,0.9869,1.0312,0.000223,0.000222,0.000398,2.568579,4.394939,0.00053667
3392667648,497686.5,-0.002698,0.022547,0.000823,-0.59375,0.0,0.9869,1.0315,0.000271,0.000236,0.000449,2.666335,4.287336,0.00049656
3393454080,497041.8,0.003365,0.019397,0.000811,-0.585938,0.0,0.9868,1.0318,0.000255,0.000245,0.000476,2.544462,4.434202,0.00050628
3394240512,496402.1,0.006978,0.023972,0.00081,-0.59375,0.0,0.9868,1.032,0.000338,0.000281,0.00059,2.650371,4.276735,0.00050388
3395026944,494966.3,-0.003008,0.029551,0.000865,-0.609375,0.0,0.9868,1.0322,0.000205,0.000236,0.000421,2.532018,4.071563,0.00046394
3395813376,494331.6,0.001839,0.024004,0.000835,-0.589844,0.0,0.9868,1.0317,0.000296,0.000257,0.000437,2.460592,4.161716,0.00045555
3396599808,493693.0,-0.000454,0.024319,0.000862,-0.601562,0.0,0.9868,1.031,0.000277,0.00027,0.000471,2.473358,4.244948,0.00050149
3397386240,492250.9,0.001289,0.029365,0.000877,-0.601562,0.0,0.9868,1.0307,0.000193,0.000205,0.000333,2.403318,4.319752,0.00048726
3398172672,491624.1,-0.006567,0.01904,0.000862,-0.597656,0.0,0.9866,1.0301,0.000259,0.000221,0.000421,2.496772,4.287835,0.00051201
3398959104,490992.3,0.00447,0.024348,0.000872,-0.589844,0.0,0.9867,1.0305,0.000213,0.000229,0.000403,2.456269,4.200644,0.00052249
3399745536,490356.2,-0.00302,0.018203,0.000874,-0.589844,0.0,0.9867,1.0305,0.000247,0.000198,0.000387,2.438772,4.09739,0.00047294
3400531968,489079.7,0.001041,0.03106,0.000847,-0.605469,0.0,0.9867,1.0304,0.000178,0.000225,0.000334,2.341566,4.255099,0.00050364
3401318400,488472.8,0.001538,0.022162,0.000836,-0.605469,0.0,0.9868,1.0307,0.000227,0.00019,0.000297,2.465415,4.268745,0.00050432
3402104832,487850.1,-0.003807,0.02675,0.000835,-0.601562,0.0,0.9866,1.0305,0.000226,0.000179,0.0004,2.53257,4.296563,0.00049747
3402891264,486550.4,-0.000887,0.027516,0.000847,-0.617188,0.0,0.9867,1.0305,0.000167,0.000173,0.000299,2.412515,4.33116,0.00048225
3403677696,485936.9,-0.002828,0.024931,0.000856,-0.582031,0.0,0.9866,1.0299,0.000198,0.000269,0.000346,2.555858,4.286597,0.00052146
3404464128,485315.3,-0.001738,0.026911,0.00084,-0.59375,0.0,0.9865,1.029,0.000284,0.000224,0.000448,2.456643,4.226524,0.00057869
3405250560,484702.0,-0.002351,0.021238,0.00085,-0.59375,0.0,0.9864,1.0278,0.000223,0.000203,0.00033,2.420782,4.21125,0.00052585
3406036992,483353.6,0.000515,0.03251,0.000892,-0.605469,0.0,0.9863,1.0274,0.00022,0.000205,0.000318,2.270833,4.285617,0.00049006
3406823424,482749.2,-0.000129,0.029216,0.00096,-0.585938,0.0,0.9862,1.0274,0.000221,0.000198,0.000313,2.43141,4.303198,0.00053342
3407609856,482144.3,0.003526,0.024193,0.000947,-0.59375,0.0,0.9863,1.028,0.000218,0.000208,0.000356,2.49706,4.221469,0.00052485
3408396288,480467.0,-0.004459,0.02756,0.000864,-0.597656,0.0,0.9862,1.0282,0.000212,0.000206,0.000337,3.222703,3.715013,0.00051463
3409182720,479872.5,0.001925,0.026065,0.000976,-0.613281,0.0,0.9863,1.0285,0.000252,0.000229,0.000464,2.640832,4.426102,0.00055325
3409969152,479276.1,-0.005678,0.02684,0.001033,-0.601562,0.0,0.9864,1.0285,0.00028,0.000327,0.000403,2.712598,4.476853,0.00056649
3410755584,478677.9,-0.000924,0.027874,0.000992,-0.605469,0.0,0.9866,1.0284,0.000237,0.000267,0.000355,2.6014,4.407327,0.00051284
3411542016,477190.7,0.004113,0.036323,0.001011,-0.609375,0.0,0.9869,1.0288,0.000243,0.000241,0.000399,2.416826,4.009884,0.00054996
3412328448,476612.1,0.00062,0.022673,0.000876,-0.585938,0.0,0.9868,1.0288,0.000177,0.000206,0.000322,2.578766,3.981387,0.00054341
3413114880,476020.8,0.003891,0.026608,0.000885,-0.589844,0.0,0.9868,1.0292,0.000175,0.000205,0.000323,2.51072,4.264544,0.00050918
3413901312,475425.8,-0.003928,0.022718,0.00089,-0.597656,0.0,0.9868,1.0296,0.000168,0.00022,0.000276,2.49228,4.219545,0.00048529
3414687744,474157.8,-0.005611,0.032031,0.000862,-0.601562,0.0,0.9865,1.029,0.000197,0.000244,0.000361,2.496416,4.238819,0.00050123
3415474176,473587.0,-0.004535,0.020223,0.000864,-0.597656,0.0,0.9865,1.0286,0.000209,0.000202,0.000358,2.569095,4.345503,0.00051524
3416260608,473010.8,-0.00106,0.020658,0.000864,-0.589844,0.0,0.9864,1.0285,0.000188,0.000215,0.000325,2.515498,4.200494,0.00053826
3417047040,471693.7,0.00025,0.031064,0.000903,-0.609375,0.0,0.9864,1.0284,0.000192,0.000188,0.000297,2.480443,4.358652,0.00053327
3417833472,471138.5,0.000248,0.032726,0.000892,-0.597656,0.0,0.9864,1.0282,0.000197,0.000185,0.000327,2.501443,4.339498,0.00053917
3418619904,470566.4,-0.00343,0.023277,0.000906,-0.589844,0.0,0.9863,1.0282,0.00014,0.000167,0.000286,2.510406,4.32316,0.00049066
3419406336,469997.0,0.003806,0.046001,0.00093,-0.597656,0.0,0.9864,1.0282,0.000159,0.000168,0.000266,2.443883,4.390284,0.00051387
3420192768,468513.4,-0.001955,0.032877,0.00087,-0.617188,0.0,0.9862,1.0277,0.000151,0.000165,0.000331,2.652895,4.243382,0.00048513
3420979200,467974.7,-0.000188,0.030955,0.00086,-0.597656,0.0,0.9862,1.0279,0.000195,0.000189,0.000304,2.665934,4.182143,0.0005719
3421765632,467402.4,-0.001043,0.032094,0.000882,-0.605469,0.0,0.986,1.0274,0.000161,0.000171,0.000345,2.624124,4.294411,0.00059266
3422552064,466075.8,-0.00302,0.034979,0.000878,-0.609375,0.0,0.9858,1.0272,0.000135,0.000176,0.000272,2.410414,4.342809,0.00055538
3423338496,465541.7,-0.002709,0.020254,0.000866,-0.589844,0.0,0.9857,1.0274,0.000152,0.000171,0.000299,2.55541,4.347463,0.00054153
3424124928,465003.7,-0.003457,0.016894,0.000859,-0.589844,0.0,0.9858,1.0277,0.000139,0.000178,0.000341,2.517406,4.330488,0.0005268
3424911360,464470.8,0.002772,0.024334,0.000844,-0.601562,0.0,0.9858,1.0275,0.000132,0.000191,0.000337,2.574291,4.109725,0.00057441
3425697792,463099.5,-0.003778,0.034004,0.000884,-0.601562,0.0,0.986,1.0278,0.000138,0.000173,0.000331,2.576476,4.350186,0.00057734
3426484224,462568.2,0.003454,0.027132,0.000868,-0.585938,0.0,0.9859,1.0276,0.000155,0.000202,0.00028,2.565323,4.494746,0.00052576
3427270656,462038.2,-0.00519,0.018639,0.000855,-0.589844,0.0,0.986,1.0277,0.000179,0.000199,0.000299,2.603519,4.251205,0.0004999
3428057088,460661.5,0.001501,0.039138,0.000877,-0.613281,0.0,0.986,1.0277,0.000147,0.000198,0.000272,2.554402,4.516078,0.0005289
3428843520,460139.4,-0.000469,0.023503,0.00087,-0.601562,0.0,0.9858,1.0275,0.000138,0.000185,0.000283,2.619306,4.271033,0.00053437
3429629952,459615.1,0.000718,0.01938,0.000882,-0.59375,0.0,0.9858,1.0276,0.000187,0.000156,0.000367,2.687462,4.25744,0.00051129
3430416384,459090.7,0.000515,0.021748,0.000873,-0.597656,0.0,0.9858,1.028,0.000129,0.000146,0.000312,2.646425,4.444474,0.00055668
3431202816,457603.9,-0.004317,0.024593,0.000882,-0.597656,0.0,0.986,1.0283,0.000136,0.000126,0.000264,2.417223,4.209257,0.00053359
3431989248,457075.0,-0.005287,0.018092,0.000881,-0.5625,0.0,0.9861,1.0288,0.000177,0.000173,0.000225,2.335544,4.224799,0.00056512
3432775680,456557.5,0.006639,0.018206,0.000883,-0.566406,0.0,0.9863,1.0294,0.000138,0.000129,0.000253,2.401168,4.227585,0.00053729
3433562112,455269.5,-0.003143,0.027344,0.000892,-0.574219,0.0,0.9866,1.03,0.000133,0.000189,0.000227,2.743511,3.279758,0.00051384
3434348544,454754.2,-0.004607,0.020403,0.000829,-0.589844,0.0,0.9866,1.0305,0.000123,0.000164,0.000269,2.350044,4.151907,0.00050143
3435134976,454241.3,-0.002026,0.024099,0.000825,-0.589844,0.0,0.9867,1.0312,0.000105,0.000154,0.000341,2.374438,4.116739,0.00052892
3435921408,453724.3,0.000301,0.031919,0.000853,-0.59375,0.0,0.9865,1.0311,9.8e-05,0.000172,0.00033,2.481456,4.177202,0.00051553
3436707840,452280.7,-0.002109,0.030519,0.000882,-0.609375,0.0,0.9867,1.0317,0.000154,0.000136,0.0003,2.706097,4.223023,0.00051082
3437494272,451774.7,-0.006564,0.020872,0.000897,-0.601562,0.0,0.9868,1.0322,0.000166,0.000111,0.000349,2.619025,4.201644,0.00050943
3438280704,451271.0,0.000184,0.019733,0.000886,-0.597656,0.0,0.9868,1.0331,0.000137,0.000142,0.00026,2.562353,4.089422,0.00053068
3439067136,450747.3,0.003707,0.023524,0.000884,-0.601562,0.0,0.987,1.034,0.00014,0.000137,0.000223,2.545795,4.354107,0.00050119
3439853568,449463.6,-0.000226,0.033684,0.000884,-0.605469,0.0,0.987,1.0345,0.000182,0.000133,0.000233,2.519367,4.407528,0.00055857
3440640000,448972.0,0.001811,0.035307,0.000891,-0.597656,0.0,0.987,1.0343,0.000128,0.000152,0.000224,2.650375,4.293242,0.00059664
3441426432,448480.1,0.003577,0.025619,0.000876,-0.601562,0.0,0.987,1.0343,0.000148,0.000135,0.000283,2.579082,4.291947,0.00052985
3442212864,446267.9,-0.000117,0.034661,0.00089,-0.613281,0.0,0.987,1.0344,0.000138,0.000121,0.000255,2.570839,4.045727,0.00048391
3442999296,445781.8,-6.5e-05,0.023334,0.000863,-0.59375,0.0,0.9866,1.034,0.000195,0.000148,0.000292,2.542306,4.282764,0.00056808
3443785728,445296.9,-0.001362,0.026068,0.000895,-0.59375,0.0,0.9865,1.0339,0.000119,0.000136,0.000302,2.526679,4.310874,0.00058156
3444572160,444792.7,-0.004562,0.024301,0.000857,-0.597656,0.0,0.9864,1.0338,0.000147,0.000117,0.000224,2.582753,4.211783,0.00051719
3445358592,443341.4,-0.000343,0.026947,0.000872,-0.59375,0.0,0.9863,1.0338,0.000137,0.000138,0.000235,2.439229,3.987576,0.00061781
3446145024,442862.8,0.002117,0.023995,0.000868,-0.578125,0.0,0.9864,1.0336,0.000122,0.000115,0.000259,2.432171,4.097704,0.00053829
3446931456,442384.4,-0.002569,0.02316,0.000858,-0.582031,0.0,0.9864,1.0333,0.000119,0.000144,0.000273,2.378558,4.205533,0.00053119
3447717888,441051.0,-0.003447,0.025083,0.000858,-0.59375,0.0,0.9865,1.0332,0.000115,0.000115,0.00017,2.66374,4.391907,0.00048764
3448504320,440583.7,0.002057,0.019825,0.000823,-0.597656,0.0,0.9865,1.033,9.4e-05,0.000113,0.000152,2.651814,4.425681,0.00053927
3449290752,440116.9,0.000563,0.019124,0.000853,-0.59375,0.0,0.9865,1.0331,9.5e-05,0.000125,0.000173,2.62042,4.320691,0.00054367
3450077184,439652.0,-0.003474,0.021236,0.000843,-0.589844,0.0,0.9865,1.0332,8.7e-05,0.000124,0.000176,2.658215,4.333959,0.00053617
3450863616,438197.0,-0.005135,0.029931,0.000905,-0.597656,0.0,0.9866,1.0334,0.0001,0.000125,0.000179,2.504585,4.245489,0.00053944
3451650048,437731.6,-0.000448,0.023824,0.000886,-0.582031,0.0,0.9866,1.0334,0.000103,9.6e-05,0.000215,2.559849,4.229375,0.00055435
3452436480,437264.2,-0.001588,0.021851,0.000868,-0.578125,0.0,0.9867,1.0334,0.000132,0.00011,0.000245,2.453396,4.241607,0.00058141
3453222912,435695.0,-0.003668,0.027085,0.000881,-0.601562,0.0,0.9867,1.0333,0.00012,0.000137,0.000213,2.391604,4.451982,0.0005209
3454009344,435226.7,0.001325,0.024586,0.000862,-0.59375,0.0,0.9869,1.0331,0.000122,0.000111,0.000231,2.617206,4.256479,0.00052884
3454795776,434762.2,-0.006189,0.02112,0.000848,-0.597656,0.0,0.987,1.033,0.000101,9.9e-05,0.000222,2.627312,4.324501,0.00049248
3455582208,434298.8,0.002422,0.030497,0.000853,-0.59375,0.0,0.9871,1.0328,0.000134,0.000106,0.000247,2.539839,4.253365,0.00052849
3456368640,432727.4,-0.001878,0.028872,0.000864,-0.605469,0.0,0.9872,1.0325,0.000112,0.000112,0.000233,2.521489,4.372319,0.00053438
3457155072,432272.3,0.009241,0.023746,0.000866,-0.589844,0.0,0.9873,1.0325,0.000107,0.000155,0.000309,2.406722,4.173016,0.00054417
3457941504,431811.9,0.004893,0.022735,0.000852,-0.585938,0.0,0.9874,1.0326,0.000114,0.000117,0.000212,2.518246,4.314008,0.00058302
3458727936,430048.6,-0.005863,0.024576,0.000861,-0.601562,0.0,0.9875,1.0326,8.8e-05,0.000117,0.000195,2.984964,3.603994,0.00055897
3459514368,429605.3,3.5e-05,0.035887,0.000899,-0.59375,0.0,0.9875,1.0327,7.7e-05,9.7e-05,0.000197,2.514998,4.306472,0.00053867
3460300800,429160.0,-0.000976,0.020353,0.000902,-0.585938,0.0,0.9877,1.0328,7.8e-05,9.6e-05,0.000165,2.504108,4.376616,0.00052212
3461087232,428718.3,-8.1e-05,0.023186,0.000907,-0.59375,0.0,0.9878,1.0329,9.3e-05,8.3e-05,0.000137,2.485966,4.3556,0.00056876
3461873664,427290.3,0.004906,0.030296,0.000908,-0.609375,0.0,0.9879,1.0332,8e-05,8.9e-05,0.000189,2.650991,4.414469,0.00053095
3462660096,426849.5,-0.000287,0.020064,0.000879,-0.609375,0.0,0.9879,1.0334,9.4e-05,8.1e-05,0.000145,2.696757,4.422974,0.00053326
3463446528,426409.5,0.002788,0.022601,0.000866,-0.601562,0.0,0.9879,1.0337,8.3e-05,8.9e-05,0.000183,2.769783,4.429321,0.00058334
3464232960,425970.9,-0.008003,0.019138,0.000877,-0.609375,0.0,0.988,1.0341,9.2e-05,0.000121,0.000185,2.645314,4.491512,0.00055224
3465019392,424589.2,0.003788,0.032053,0.000853,-0.589844,0.0,0.988,1.0341,9.5e-05,8.6e-05,0.000158,2.468672,4.330475,0.00053854
3465805824,424159.3,0.003412,0.026305,0.000837,-0.589844,0.0,0.988,1.034,0.000101,9.3e-05,0.000211,2.60641,4.373444,0.00056036
3466592256,423732.1,-0.006541,0.023087,0.000835,-0.59375,0.0,0.988,1.0338,7.8e-05,8.5e-05,0.000161,2.509431,4.293316,0.0005401
3467378688,422264.2,-0.002332,0.029743,0.000887,-0.601562,0.0,0.988,1.0338,7.3e-05,7.7e-05,0.000161,2.711802,4.250796,0.00049038
3468165120,421836.9,-0.004373,0.022713,0.000891,-0.597656,0.0,0.9878,1.0337,7.1e-05,0.000101,0.00018,2.561323,4.454383,0.00056516
3468951552,421416.5,0.0008,0.024091,0.00089,-0.597656,0.0,0.9877,1.0335,7.2e-05,0.000105,0.000166,2.610789,4.415914,0.00062069
3469737984,420999.1,-0.003791,0.021349,0.000915,-0.605469,0.0,0.9877,1.0337,7.3e-05,8.9e-05,0.000143,2.53198,4.412131,0.00059435
3470524416,419655.2,-0.000579,0.03463,0.000872,-0.601562,0.0,0.9876,1.0338,8.2e-05,9.1e-05,0.000145,2.506222,4.088082,0.00055105
3471310848,419232.4,-0.003576,0.021291,0.000841,-0.585938,0.0,0.9875,1.0341,9.8e-05,9.2e-05,0.000142,2.392717,4.153539,0.00052021
3472097280,418805.9,0.010659,0.027839,0.000858,-0.585938,0.0,0.9876,1.0345,8.2e-05,8.4e-05,0.000143,2.374732,4.105474,0.00058065
3472883712,417519.0,0.000322,0.033069,0.000851,-0.597656,0.0,0.9875,1.0346,9.3e-05,7e-05,0.000137,2.581939,4.035852,0.00054376
3473670144,417096.0,0.001522,0.027776,0.000843,-0.605469,0.0,0.9875,1.0346,6.9e-05,7e-05,0.000162,2.482412,4.245152,0.00049114
3474456576,416675.2,0.001122,0.023302,0.000835,-0.597656,0.0,0.9873,1.0342,6.3e-05,7.3e-05,0.000163,2.531397,4.212651,0.00049788
3475243008,416258.7,0.000476,0.024076,0.000836,-0.59375,0.0,0.9874,1.0342,7.4e-05,5.8e-05,0.000126,2.542037,4.108325,0.00055425
3476029440,414811.6,-0.004371,0.024049,0.000833,-0.613281,0.0,0.9873,1.034,5.9e-05,6.1e-05,0.000107,2.637635,4.45679,0.00047577
3476815872,414405.3,-0.003029,0.020001,0.000828,-0.597656,0.0,0.9873,1.0342,5.5e-05,7.5e-05,0.000133,2.63661,4.374608,0.00051104
3477602304,414000.0,-0.000304,0.020812,0.000842,-0.601562,0.0,0.9873,1.034,5.2e-05,5.6e-05,9.4e-05,2.505647,4.319267,0.00053544
3478388736,412542.9,-0.001872,0.027734,0.000864,-0.617188,0.0,0.9874,1.0341,5.7e-05,5.5e-05,8e-05,2.375227,4.546122,0.00048138
3479175168,412067.8,-0.000709,0.026898,0.000892,-0.597656,0.0,0.9873,1.0338,6.4e-05,6.9e-05,9.1e-05,2.473298,4.233968,0.00054481
3479961600,411613.2,-0.003335,0.021321,0.000882,-0.59375,0.0,0.9874,1.0336,6.2e-05,4.9e-05,9.5e-05,2.538308,4.170867,0.00051687
3480748032,411199.3,-0.006284,0.01997,0.000907,-0.597656,0.0,0.9874,1.0334,6.2e-05,4.7e-05,8.8e-05,2.41758,4.15783,0.0005494
3481534464,409499.3,0.001817,0.031659,0.000884,-0.605469,0.0,0.9874,1.0334,7.3e-05,7.6e-05,9.1e-05,2.424594,4.214781,0.00049796
3482320896,409050.5,-0.001184,0.020055,0.000839,-0.589844,0.0,0.9875,1.0337,3.9e-05,4e-05,8e-05,2.426663,4.331802,0.00056853
3483107328,408615.3,-0.001124,0.024119,0.000849,-0.589844,0.0,0.9874,1.0337,3e-05,3.8e-05,8.2e-05,2.411726,4.233591,0.00054811
3483893760,407364.2,0.003721,0.027806,0.000861,-0.59375,0.0,0.9874,1.0338,4e-05,4.7e-05,0.000119,2.913382,3.583457,0.00047625
3484680192,406973.9,-0.004901,0.022324,0.000789,-0.582031,0.0,0.9874,1.034,3.3e-05,4.9e-05,7.4e-05,2.437917,4.282684,0.00050645
3485466624,406586.2,0.00625,0.023246,0.000816,-0.585938,0.0,0.9877,1.0346,3.9e-05,4.3e-05,8.4e-05,2.46693,4.328181,0.00045601
3486253056,406195.8,-0.00061,0.023995,0.000817,-0.585938,0.0,0.9878,1.0349,2.4e-05,3.8e-05,7.1e-05,2.471072,4.265006,0.00052496
3487039488,404896.7,0.000285,0.034925,0.000807,-0.601562,0.0,0.9879,1.035,3.5e-05,4.1e-05,6.4e-05,2.49066,4.147845,0.00048235
3487825920,404459.7,-0.001304,0.022186,0.000834,-0.597656,0.0,0.9879,1.0343,6.6e-05,3.6e-05,9.3e-05,2.456502,4.219162,0.00049861
3488612352,404021.3,-0.004715,0.019065,0.000805,-0.589844,0.0,0.988,1.0339,3.9e-05,2.9e-05,6.5e-05,2.568866,4.107724,0.0004908
3489398784,403597.2,0.001814,0.023593,0.000811,-0.597656,0.0,0.9882,1.0337,3.6e-05,2.9e-05,7.3e-05,2.518804,4.190454,0.0005132
3490185216,402273.5,0.000991,0.035616,0.000856,-0.601562,0.0,0.988,1.0333,3e-05,3.4e-05,5.7e-05,2.287241,4.071244,0.00054397
3490971648,401887.5,-0.00098,0.02311,0.000856,-0.585938,0.0,0.988,1.0331,2.3e-05,3e-05,4.5e-05,2.417573,4.120143,0.00048345
3491758080,401469.8,0.004015,0.024525,0.00087,-0.589844,0.0,0.9879,1.0331,2.1e-05,2.3e-05,4.1e-05,2.375448,3.975284,0.00059134
3492544512,400374.4,-0.005421,0.028824,0.00087,-0.597656,0.0,0.9879,1.0331,2.6e-05,2.1e-05,3.6e-05,2.679272,4.075574,0.00048812
3493330944,400000.1,-0.004194,0.025868,0.000873,-0.601562,0.0,0.9878,1.0322,3e-05,2.2e-05,6.8e-05,2.507403,4.395162,0.00052046
3494117376,399558.5,-0.004408,0.026939,0.000835,-0.605469,0.0,0.9878,1.0313,2.6e-05,1.9e-05,6.4e-05,2.484484,4.274834,0.00047816
3494903808,399168.1,-0.005433,0.028669,0.000823,-0.601562,0.0,0.9877,1.0305,3.5e-05,2.2e-05,6.3e-05,2.51801,4.307237,0.00054757
3495690240,398110.6,0.004141,0.03747,0.000868,-0.617188,0.0,0.9876,1.0301,2e-05,1.8e-05,2.8e-05,2.697315,4.466936,0.00052003
3496476672,397740.7,0.000221,0.028509,0.000886,-0.601562,0.0,0.9875,1.0298,9e-06,9e-06,2e-05,2.683183,4.38662,0.00054618
3497263104,397374.9,0.001578,0.028457,0.000871,-0.597656,0.0,0.9872,1.029,9e-06,7e-06,1.5e-05,2.629849,4.419671,0.0005664
3498049536,396317.8,-0.001913,0.038657,0.00086,-0.605469,0.0,0.987,1.0285,8e-06,8e-06,1.3e-05,2.593175,4.231702,0.00055039
3498835968,395941.7,0.006653,0.034977,0.000842,-0.597656,0.0,0.9871,1.0281,4e-06,4e-06,1.1e-05,2.70426,4.322508,0.00049897
3499622400,395556.1,-0.004624,0.027784,0.000847,-0.59375,0.0,0.987,1.0274,1e-06,2e-06,3e-06,2.533164,4.377407,0.00053891
3500408832,395193.2,-0.004915,0.023509,0.000853,-0.589844,0.0,0.9871,1.0272,0.0,1e-06,1e-06,2.523588,4.327154,0.00052466
